method,domain,url,started_at_iso,finished_at_iso,status,elapsed_sec,timeout,timeout_sec
HtmlDownloader,www.farfetch.com,https://www.farfetch.com/vn/shopping/women/jacquemus-le-bambino-long-shoulder-bag-item-17756159.aspx?storeid=9183,2025-08-27T04:25:09.1602900Z,2025-08-27T04:25:15.2319588Z,ok,6.071384,0,30
HtmlDownloader,www.farfetch.com,https://www.farfetch.com/vn/shopping/women/salomon-xt-6-sneakers-item-24318535.aspx?storeid=9158,2025-08-27T04:25:15.2379864Z,2025-08-27T04:25:21.3032962Z,ok,6.0650271,0,30
HtmlDownloader,www.farfetch.com,https://www.farfetch.com/vn/shopping/women/self-portrait-satin-flower-embellished-mini-dress-item-29302372.aspx?storeid=11935,2025-08-27T04:25:21.3202680Z,2025-08-27T04:25:27.3725482Z,ok,6.0531379,0,30
HtmlDownloader,www.farfetch.com,https://www.farfetch.com/vn/shopping/women/ami-paris-ami-de-coeur-corduroy-cap-item-20250189.aspx?storeid=9846,2025-08-27T04:25:27.3785762Z,2025-08-27T04:25:33.3909116Z,ok,6.0121516,0,30
HtmlDownloader,www.farfetch.com,https://www.farfetch.com/vn/shopping/women/jacquemus-le-chiquito-long-tote-bag-item-17819103.aspx?storeid=9053,2025-08-27T04:25:33.4009330Z,2025-08-27T04:25:39.4884932Z,ok,6.0867614,0,30
HtmlDownloader,www.farfetch.com,https://www.farfetch.com/vn/shopping/women/solace-london-alba-maxi-dress-item-25612611.aspx?storeid=10222,2025-08-27T04:25:39.4934941Z,2025-08-27T04:25:45.5613574Z,ok,6.0669926,0,30
HtmlDownloader,www.farfetch.com,https://www.farfetch.com/vn/shopping/women/marc-jacobs-the-crystal-denim-sneakers-item-22510295.aspx?storeid=11696,2025-08-27T04:25:45.5663117Z,2025-08-27T04:25:51.6341995Z,ok,6.0675436,0,30
HtmlDownloader,www.farfetch.com,https://www.farfetch.com/vn/shopping/women/rotate-birger-christensen-lace-puff-sleeve-midi-dress-item-27195303.aspx?storeid=10224,2025-08-27T04:25:51.6391871Z,2025-08-27T04:25:57.7142002Z,ok,6.0747011,0,30
HtmlDownloader,www.farfetch.com,https://www.farfetch.com/vn/shopping/women/brigitte-bandeau-bikini-set-item-22699860.aspx?storeid=9196,2025-08-27T04:25:57.7212383Z,2025-08-27T04:26:03.7979976Z,ok,6.0761416,0,30
HtmlDownloader,www.farfetch.com,https://www.farfetch.com/vn/shopping/women/casablanca-monogram-polo-shirt-item-28894894.aspx?storeid=10806,2025-08-27T04:26:03.8059777Z,2025-08-27T04:26:09.8846050Z,ok,6.0786391,0,30
HtmlDownloader,www.zara.com,https://www.zara.com/us/en/limited-edition-beaded-cord-necklace-p02326800.html,2025-08-27T04:26:09.8905888Z,2025-08-27T04:26:16.3208594Z,ok,6.4312414,0,30
HtmlDownloader,www.zara.com,https://www.zara.com/us/en/striped-limited-edition-bikini-top-p02910221.html,2025-08-27T04:26:16.3278599Z,2025-08-27T04:26:27.1118562Z,ok,10.784171,0,30
HtmlDownloader,www.zara.com,https://www.zara.com/us/en/limited-edition-striped-midi-dress-p03780718.html,2025-08-27T04:26:27.1178571Z,2025-08-27T04:26:48.5993600Z,ok,21.4818268,0,30
HtmlDownloader,www.zara.com,https://www.zara.com/us/en/limited-edition-striped-bikini-bottoms-p02910220.html,2025-08-27T04:26:48.6053201Z,2025-08-27T04:26:55.0654001Z,ok,6.460211,0,30
HtmlDownloader,www.zara.com,https://www.zara.com/us/en/limited-edition-striped-bikini-bottoms-p02910222.html,2025-08-27T04:26:55.0704016Z,2025-08-27T04:27:01.5153206Z,ok,6.4446392,0,30
HtmlDownloader,www.zara.com,https://www.zara.com/us/en/fringe-bikini-bottoms-kate-moss-x-zara-p02856208.html,2025-08-27T04:27:01.5203217Z,2025-08-27T04:27:07.9222573Z,ok,6.4019883,0,30
HtmlDownloader,www.zara.com,https://www.zara.com/us/en/limited-edition-striped-halter-dress-p03828717.html,2025-08-27T04:27:07.9282574Z,2025-08-27T04:27:14.4312361Z,ok,6.503043,0,30
HtmlDownloader,www.zara.com,https://www.zara.com/us/en/striped-swimsuit-limited-edition-p02910212.html,2025-08-27T04:27:14.4362635Z,2025-08-27T04:27:35.8740920Z,ok,21.4382956,0,30
HtmlDownloader,www.zara.com,https://www.zara.com/us/en/limited-edition-striped-belted-dress-p03666716.html,2025-08-27T04:27:35.8801165Z,2025-08-27T04:27:42.3274162Z,ok,6.4478964,0,30
HtmlDownloader,www.zara.com,https://www.zara.com/us/en/contrast-printed-bikini-bottoms-p02856204.html,2025-08-27T04:27:42.3324111Z,2025-08-27T04:27:48.7292604Z,ok,6.3962545,0,30
HtmlDownloader,www2.hm.com,https://www2.hm.com/en_us/productpage.1292677001.html,2025-08-27T04:27:48.7342431Z,2025-08-27T04:27:54.9107998Z,ok,6.1769956,0,30
HtmlDownloader,www2.hm.com,https://www2.hm.com/en_us/productpage.1274174054.html,2025-08-27T04:27:54.9157940Z,2025-08-27T04:28:01.1157597Z,ok,6.2002723,0,30
HtmlDownloader,www2.hm.com,https://www2.hm.com/en_us/productpage.1296219002.html,2025-08-27T04:28:01.1257455Z,2025-08-27T04:28:07.2690423Z,ok,6.1426205,0,30
HtmlDownloader,www2.hm.com,https://www2.hm.com/en_us/productpage.1292586003.html,2025-08-27T04:28:07.2740626Z,2025-08-27T04:28:13.4230533Z,ok,6.1493805,0,30
HtmlDownloader,www2.hm.com,https://www2.hm.com/en_us/productpage.1292589002.html,2025-08-27T04:28:13.4290132Z,2025-08-27T04:28:19.5998711Z,ok,6.1713789,0,30
HtmlDownloader,www2.hm.com,https://www2.hm.com/en_us/productpage.1274174051.html,2025-08-27T04:28:19.6048721Z,2025-08-27T04:28:25.7744988Z,ok,6.1689109,0,30
HtmlDownloader,www2.hm.com,https://www2.hm.com/en_us/productpage.1274174006.html,2025-08-27T04:28:25.7794977Z,2025-08-27T04:28:31.9347571Z,ok,6.1553008,0,30
HtmlDownloader,www2.hm.com,https://www2.hm.com/en_us/productpage.1290433001.html,2025-08-27T04:28:31.9417568Z,2025-08-27T04:28:38.0939994Z,ok,6.1522082,0,30
HtmlDownloader,www2.hm.com,https://www2.hm.com/en_us/productpage.1290992004.html,2025-08-27T04:28:38.0990120Z,2025-08-27T04:28:44.3600048Z,ok,6.2607857,0,30
HtmlDownloader,www2.hm.com,https://www2.hm.com/en_us/productpage.1297263001.html,2025-08-27T04:28:44.3670004Z,2025-08-27T04:28:50.5106463Z,ok,6.1432477,0,30
HtmlDownloader,www.flannels.com,https://www.flannels.com/casablanca-mens-graphic-cotton-larche-tennis-club-t-shirt-528352#colcode=52835201,2025-08-27T04:28:50.5156456Z,2025-08-27T04:28:56.7178661Z,ok,6.2025948,0,30
HtmlDownloader,www.flannels.com,https://www.flannels.com/cp-company-diagonal-raised-fleece-hoodie-533531#colcode=53353130,2025-08-27T04:28:56.7248359Z,2025-08-27T04:29:02.9659851Z,ok,6.2412402,0,30
HtmlDownloader,www.flannels.com,https://www.flannels.com/stone-island-tela-cargo-shorts-478965#colcode=47896503,2025-08-27T04:29:02.9709850Z,2025-08-27T04:29:09.1845798Z,ok,6.2129658,0,30
HtmlDownloader,www.flannels.com,https://www.flannels.com/stone-island-camo-smock-619397#colcode=61939702,2025-08-27T04:29:09.1896158Z,2025-08-27T04:29:15.4216607Z,ok,6.2318027,0,30
HtmlDownloader,www.flannels.com,https://www.flannels.com/boss-boss-c-hanry-252-10271168-01-520004#colcode=52000418,2025-08-27T04:29:15.4306613Z,2025-08-27T04:29:21.6615804Z,ok,6.2312116,0,30
HtmlDownloader,www.flannels.com,https://www.flannels.com/cp-company-zipped-overshirt-607127#colcode=60712784,2025-08-27T04:29:21.6705358Z,2025-08-27T04:29:27.8920799Z,ok,6.2215094,0,30
HtmlDownloader,www.flannels.com,https://www.flannels.com/dsquared2-cool-guy-slim-jeans-644430#colcode=64443040,2025-08-27T04:29:27.8970489Z,2025-08-27T04:29:34.0982478Z,ok,6.2012497,0,30
HtmlDownloader,www.flannels.com,https://www.flannels.com/fear-of-god-essentials-fge-always-on-swtpnt-sn00-488040#colcode=48804003,2025-08-27T04:29:34.1042509Z,2025-08-27T04:29:40.3018762Z,ok,6.1977966,0,30
HtmlDownloader,www.flannels.com,https://www.flannels.com/stone-island-logo-cotton-shorts-474373#colcode=47437302,2025-08-27T04:29:40.3119097Z,2025-08-27T04:29:46.5479313Z,ok,6.2362169,0,30
HtmlDownloader,www.flannels.com,https://www.flannels.com/polo-ralph-lauren-slim-fit-logo-oxford-shirt-558452#colcode=55845201,2025-08-27T04:29:46.5559332Z,2025-08-27T04:29:52.7444595Z,ok,6.1876877,0,30
HtmlDownloader,www.24s.com,https://www.24s.com/en-fr/cloe-shirt-jacket-s-max-mara_SMXH838GBRW?color=brown,2025-08-27T04:29:52.7494587Z,2025-08-27T04:30:05.2368382Z,ok,12.487756,0,30
HtmlDownloader,www.24s.com,https://www.24s.com/en-fr/ballet-runner-20-in-nylon-and-calfskin-loewe_LOE59565GRY?color=grey,2025-08-27T04:30:05.2468360Z,2025-08-27T04:30:26.4116427Z,ok,21.1649467,0,30
HtmlDownloader,www.24s.com,https://www.24s.com/en-fr/madame-long-coat-max-mara_MAXH3DFUBCK?color=black,2025-08-27T04:30:26.4176443Z,2025-08-27T04:30:32.5342130Z,ok,6.1173006,0,30
HtmlDownloader,www.24s.com,https://www.24s.com/en-fr/ava-bag-in-triomphe-canvas-and-calfskin-celine_CEL6U9D5BEI?color=beige,2025-08-27T04:30:32.5401789Z,2025-08-27T04:30:38.6510328Z,ok,6.111104,0,30
HtmlDownloader,www.24s.com,https://www.24s.com/en-fr/bang-bang-vanity-case-bottega-veneta_BOT2MX49GE1?color=green,2025-08-27T04:30:38.6570330Z,2025-08-27T04:30:44.7662504Z,ok,6.1093674,0,30
HtmlDownloader,www.24s.com,https://www.24s.com/en-fr/puzzle-edge-landscape-small-bag-loewe_LOE8XR67GEE?color=green,2025-08-27T04:30:44.7722515Z,2025-08-27T04:30:50.9193614Z,ok,6.1476083,0,30
HtmlDownloader,www.24s.com,https://www.24s.com/en-fr/pebble-slide-in-soft-calfskin-loewe_LOE2XD32BRW?color=brown,2025-08-27T04:30:51.3303606Z,2025-08-27T04:30:57.4479451Z,ok,6.118391,0,30
HtmlDownloader,www.24s.com,https://www.24s.com/en-fr/courcelles-down-jacket-moncler_MC12574GBCK?color=black,2025-08-27T04:30:57.4549447Z,2025-08-27T04:31:03.5682665Z,ok,6.113364,0,30
HtmlDownloader,www.24s.com,https://www.24s.com/en-fr/ease-buckle-slides-in-calfskin-suede-loewe_LOE76D4KBRW?color=brown,2025-08-27T04:31:03.5742661Z,2025-08-27T04:31:09.6928821Z,ok,6.1185691,0,30
HtmlDownloader,www.24s.com,https://www.24s.com/en-fr/flow-runner-20-in-nylon-and-suede-loewe_LOE457PQBEI?color=beige,2025-08-27T04:31:09.6988808Z,2025-08-27T04:31:15.8124342Z,ok,6.113686,0,30
HtmlDownloader,apkpure.com,https://apkpure.com/somnia/com.AltayGames.Somnia,2025-08-27T04:31:15.8194345Z,2025-08-27T04:31:21.8584693Z,ok,6.0392389,0,30
HtmlDownloader,apkpure.com,https://apkpure.com/cookierun-tower-of-adventures/com.devsisters.cba,2025-08-27T04:31:21.8644644Z,2025-08-27T04:31:27.8776059Z,ok,6.0130556,0,30
HtmlDownloader,apkpure.com,https://apkpure.com/gun-action-shoot-n-run/com.ketchapp.gunaction,2025-08-27T04:31:27.8835761Z,2025-08-27T04:31:33.9086215Z,ok,6.0249753,0,30
HtmlDownloader,apkpure.com,https://apkpure.com/toilet-agents/com.MEMOLOGIYA.ToiletCompany,2025-08-27T04:31:33.9146138Z,2025-08-27T04:31:39.9364839Z,ok,6.0221459,0,30
HtmlDownloader,apkpure.com,https://apkpure.com/tank-war-defender-2/com.darie.twd2,2025-08-27T04:31:39.9474229Z,2025-08-27T04:31:45.9673500Z,ok,6.0197873,0,30
HtmlDownloader,apkpure.com,https://apkpure.com/casual-pursuit-police-chase/com.CuriousDogGames.CasualPursuit,2025-08-27T04:31:45.9743133Z,2025-08-27T04:31:51.9960616Z,ok,6.0218679,0,30
HtmlDownloader,apkpure.com,https://apkpure.com/fortress-frontlines/com.sandsoft.fingerwarriors,2025-08-27T04:31:52.0030409Z,2025-08-27T04:31:58.0166216Z,ok,6.0135607,0,30
HtmlDownloader,apkpure.com,https://apkpure.com/camo-assassin/com.hsa.games.camoassassin,2025-08-27T04:31:58.0226572Z,2025-08-27T04:32:04.0419632Z,ok,6.0200062,0,30
HtmlDownloader,apkpure.com,https://apkpure.com/angry-shark-attack-shark-game/com.attack.hungary.shark.simulator,2025-08-27T04:32:04.0509491Z,2025-08-27T04:32:11.3979801Z,ok,7.3466321,0,30
HtmlDownloader,apkpure.com,https://apkpure.com/fps-mission-counter-shooting/com.champapps.fpsshooting,2025-08-27T04:32:11.4048693Z,2025-08-27T04:32:17.4290284Z,ok,6.0246039,0,30
HtmlDownloader,appagg.com,https://appagg.com/android/communication/whatsapp-messenger-2357627.html?hl=en,2025-08-27T04:32:17.4379381Z,2025-08-27T04:32:23.5412876Z,ok,6.1034369,0,30
HtmlDownloader,appagg.com,https://appagg.com/android/social/facebook-2520092.html?hl=en,2025-08-27T04:32:23.5472776Z,2025-08-27T04:32:29.6465818Z,ok,6.0996107,0,30
HtmlDownloader,appagg.com,https://appagg.com/android/video-players/youtube-2305964.html?hl=en,2025-08-27T04:32:29.6525495Z,2025-08-27T04:32:35.7175585Z,ok,6.0649825,0,30
HtmlDownloader,appagg.com,https://appagg.com/android/social/instagram-3724510.html?hl=en,2025-08-27T04:32:35.7275306Z,2025-08-27T04:32:41.8374467Z,ok,6.1098732,0,30
HtmlDownloader,appagg.com,https://appagg.com/android/communication/messenger-2367809.html?hl=en,2025-08-27T04:32:41.8434105Z,2025-08-27T04:32:47.9212125Z,ok,6.0770787,0,30
HtmlDownloader,appagg.com,https://appagg.com/android/social/tiktok-videos-shop-live-15417706.html?hl=en,2025-08-27T04:32:47.9301666Z,2025-08-27T04:32:53.9846660Z,ok,6.0541557,0,30
HtmlDownloader,appagg.com,https://appagg.com/android/shopping/flipkart-online-shopping-app-40075034.html?hl=en,2025-08-27T04:32:53.9906631Z,2025-08-27T04:33:00.0883740Z,ok,6.0979943,0,30
HtmlDownloader,appagg.com,https://appagg.com/android/photography/google-photos-14850494.html?hl=en,2025-08-27T04:33:00.0943362Z,2025-08-27T04:33:06.1681045Z,ok,6.0740962,0,30
HtmlDownloader,appagg.com,https://appagg.com/android/communication/google-chrome-2357389.html?hl=en,2025-08-27T04:33:06.1740959Z,2025-08-27T04:33:12.2464624Z,ok,6.0715913,0,30
HtmlDownloader,appagg.com,https://appagg.com/android/tools/google-play-services-3841816.html?hl=en,2025-08-27T04:33:12.2514523Z,2025-08-27T04:33:18.3197219Z,ok,6.0674681,0,30
HtmlDownloader,www.appbrain.com,https://www.appbrain.com/app/offroad-league-online/com.RoosterGames.OffroadLeague,2025-08-27T04:33:18.3247242Z,2025-08-27T04:33:24.4149955Z,ok,6.0897151,0,30
HtmlDownloader,www.appbrain.com,https://www.appbrain.com/app/e-halsangandn/com.eparwarda.ehalsangandn,2025-08-27T04:33:24.4209873Z,2025-08-27T04:33:30.5007060Z,ok,6.0801006,0,30
HtmlDownloader,www.appbrain.com,https://www.appbrain.com/app/hamara-tunnel-lite/com.hamarateam.litetunnel,2025-08-27T04:33:30.5066727Z,2025-08-27T04:33:36.5839933Z,ok,6.0770074,0,30
HtmlDownloader,www.appbrain.com,https://www.appbrain.com/app/war-drone-3d-shooting-games/com.miniclip.drone1,2025-08-27T04:33:36.5899947Z,2025-08-27T04:33:42.7201779Z,ok,6.1301447,0,30
HtmlDownloader,www.appbrain.com,https://www.appbrain.com/app/bts-cooking-on-stove-tinytan/com.smilegate.bcos2.stove.google,2025-08-27T04:33:42.7261732Z,2025-08-27T04:33:48.8302378Z,ok,6.1039581,0,30
HtmlDownloader,www.appbrain.com,https://www.appbrain.com/app/magic-chess-go-go/com.mobilechess.gp,2025-08-27T04:33:48.8392080Z,2025-08-27T04:33:54.9492213Z,ok,6.1098155,0,30
HtmlDownloader,www.appbrain.com,https://www.appbrain.com/app/mix-master-brainrot-merge/com.aimix.animals.monster.master.mashup,2025-08-27T04:33:54.9552128Z,2025-08-27T04:34:01.0404979Z,ok,6.0856696,0,30
HtmlDownloader,www.appbrain.com,https://www.appbrain.com/app/bear-vpn-fast-vpn-proxy/com.bear.vpn.super.fast.unlimited.connect,2025-08-27T04:34:01.0464934Z,2025-08-27T04:34:07.1195416Z,ok,6.0722462,0,30
HtmlDownloader,www.appbrain.com,https://www.appbrain.com/app/grand-hustle-rp-online-game/com.NikitaPokruchin.ALTCITYOnline,2025-08-27T04:34:07.1255381Z,2025-08-27T04:34:13.2078723Z,ok,6.0831022,0,30
HtmlDownloader,www.appbrain.com,https://www.appbrain.com/app/day-night-live-wallpapers/com.day.night.live.wallpapers,2025-08-27T04:34:13.2148316Z,2025-08-27T04:34:19.2973402Z,ok,6.0830826,0,30
HtmlDownloader,pubg-mobile-tencent-games.en.aptoide.com,https://pubg-mobile-tencent-games.en.aptoide.com/app,2025-08-27T04:34:19.3033414Z,2025-08-27T04:34:25.5100876Z,ok,6.2067733,0,30
HtmlDownloader,freefire-111dots-studio.en.aptoide.com,https://freefire-111dots-studio.en.aptoide.com/app,2025-08-27T04:34:25.5160377Z,2025-08-27T04:34:31.6174373Z,ok,6.1012926,0,30
HtmlDownloader,pubg-mobile-lite-tencent-games.en.aptoide.com,https://pubg-mobile-lite-tencent-games.en.aptoide.com/app,2025-08-27T04:34:31.6224668Z,2025-08-27T04:34:37.7410584Z,ok,6.1179168,0,30
HtmlDownloader,mobile-legends.en.aptoide.com,https://mobile-legends.en.aptoide.com/app,2025-08-27T04:34:37.7500483Z,2025-08-27T04:34:44.1010783Z,ok,6.3517563,0,30
HtmlDownloader,pubg-new-state.en.aptoide.com,https://pubg-new-state.en.aptoide.com/app,2025-08-27T04:34:44.1070655Z,2025-08-27T04:34:50.2678851Z,ok,6.160391,0,30
HtmlDownloader,battlegrounds-india.en.aptoide.com,https://battlegrounds-india.en.aptoide.com/app,2025-08-27T04:34:50.2738964Z,2025-08-27T04:34:56.3730993Z,ok,6.0996422,0,30
HtmlDownloader,free-fire-max.en.aptoide.com,https://free-fire-max.en.aptoide.com/app,2025-08-27T04:34:56.3790652Z,2025-08-27T04:35:02.5289251Z,ok,6.1499418,0,30
HtmlDownloader,creative-destruction.en.aptoide.com,https://creative-destruction.en.aptoide.com/app,2025-08-27T04:35:02.5349614Z,2025-08-27T04:35:08.6819298Z,ok,6.1471813,0,30
HtmlDownloader,last-day-alive.en.aptoide.com,https://last-day-alive.en.aptoide.com/app,2025-08-27T04:35:08.6869589Z,2025-08-27T04:35:15.0561961Z,ok,6.3690172,0,30
HtmlDownloader,last-day-on-earth.en.aptoide.com,https://last-day-on-earth.en.aptoide.com/app,2025-08-27T04:35:15.0621877Z,2025-08-27T04:35:21.4306574Z,ok,6.3682478,0,30
HtmlDownloader,download.cnet.com,https://download.cnet.com/ip-phone-camera-view-camera-on-pc/3000-2150_4-77541989.html,2025-08-27T04:35:21.4366548Z,2025-08-27T04:35:42.5181890Z,ok,21.0816871,0,30
HtmlDownloader,download.cnet.com,https://download.cnet.com/reallikes-get-real-tiktok-likes-followers/3000-android-reallikes-get-real-tiktok-likes-followers.html,2025-08-27T04:35:42.5240452Z,2025-08-27T04:35:48.6213596Z,ok,6.0972953,0,30
HtmlDownloader,download.cnet.com,https://download.cnet.com/profile-pictures-dp-and-status-for-whatsapp/3000-android-profile-pictures-dp-and-status-for-whatsapp.html,2025-08-27T04:35:48.6273214Z,2025-08-27T04:35:54.7199210Z,ok,6.0931071,0,30
HtmlDownloader,download.cnet.com,https://download.cnet.com/indycall/3000-android-indycall-free-calls-to-india.html,2025-08-27T04:35:54.7289375Z,2025-08-27T04:36:00.8051176Z,ok,6.0764014,0,30
HtmlDownloader,download.cnet.com,https://download.cnet.com/vcs-acak-bar-bar/3000-android-vcs-acak-bar-bar.html,2025-08-27T04:36:00.8109454Z,2025-08-27T04:36:06.8937685Z,ok,6.0828772,0,30
HtmlDownloader,download.cnet.com,https://download.cnet.com/friend-search-for-whatsapp/3000-android-friend-search-for-whatsapp.html,2025-08-27T04:36:06.9017667Z,2025-08-27T04:36:12.9724285Z,ok,6.0706859,0,30
HtmlDownloader,download.cnet.com,https://download.cnet.com/incognito-away-disable-incognito-tabs/3000-android-incognito-away-disable-incognito-tabs.html,2025-08-27T04:36:12.9783620Z,2025-08-27T04:36:19.0472048Z,ok,6.0690787,0,30
HtmlDownloader,download.cnet.com,https://download.cnet.com/xiaomi-contacts-and-dialer/3000-android-xiaomi-contacts-and-dialer.html,2025-08-27T04:36:19.0531720Z,2025-08-27T04:36:25.1442681Z,ok,6.0907748,0,30
HtmlDownloader,download.cnet.com,https://download.cnet.com/sim-cnic-number-details/3000-android-sim-cnic-number-details.html,2025-08-27T04:36:25.1492648Z,2025-08-27T04:36:31.2301153Z,ok,6.0804535,0,30
HtmlDownloader,download.cnet.com,https://download.cnet.com/kiss-stickers-for-whatsapp/3000-android-kiss-stickers-for-whatsapp.html,2025-08-27T04:36:31.2401265Z,2025-08-27T04:36:37.3433204Z,ok,6.103015,0,30
HtmlDownloader,www.bandsintown.com,https://www.bandsintown.com/e/106613573-band-of-horses-at-bearsville-theater?came_from=257&utm_medium=web&utm_source=city_page&utm_campaign=top_event_featured,2025-08-27T04:36:37.3493172Z,2025-08-27T04:36:43.4667321Z,ok,6.1176314,0,30
HtmlDownloader,www.bandsintown.com,https://www.bandsintown.com/e/106220283-coheed-and-cambria-at-broadview-stage-at-spac?came_from=257&utm_medium=web&utm_source=city_page&utm_campaign=top_event,2025-08-27T04:36:43.4726823Z,2025-08-27T04:36:50.6902301Z,ok,7.2179039,0,30
HtmlDownloader,www.bandsintown.com,https://www.bandsintown.com/e/106195656-avril-lavigne-at-broadview-stage-at-spac?came_from=257&utm_medium=web&utm_source=city_page&utm_campaign=top_event,2025-08-27T04:36:50.6962121Z,2025-08-27T04:36:57.6722562Z,ok,6.9756102,0,30
HtmlDownloader,www.bandsintown.com,https://www.bandsintown.com/e/106497345-vampire-weekend-at-broadview-stage-at-spac?came_from=257&utm_medium=web&utm_source=city_page&utm_campaign=top_event,2025-08-27T04:36:57.6782561Z,2025-08-27T04:37:03.8011477Z,ok,6.1228413,0,30
HtmlDownloader,www.bandsintown.com,https://www.bandsintown.com/e/106609720-glass-animals-at-broadview-stage-at-spac?came_from=257&utm_medium=web&utm_source=city_page&utm_campaign=top_event,2025-08-27T04:37:03.8071444Z,2025-08-27T04:37:09.9492846Z,ok,6.142153,0,30
HtmlDownloader,www.bandsintown.com,https://www.bandsintown.com/e/105951875-thomas-rhett-at-broadview-stage-at-spac?came_from=257&utm_medium=web&utm_source=city_page&utm_campaign=top_event,2025-08-27T04:37:09.9552481Z,2025-08-27T04:37:16.1595318Z,ok,6.204903,0,30
HtmlDownloader,www.bandsintown.com,https://www.bandsintown.com/e/1033980806-chris-stapleton-at-mvp-arena?came_from=257&utm_medium=web&utm_source=city_page&utm_campaign=top_event,2025-08-27T04:37:16.1685273Z,2025-08-27T04:37:22.3317219Z,ok,6.1633571,0,30
HtmlDownloader,www.bandsintown.com,https://www.bandsintown.com/e/106647566-jon-batiste-at-tanglewood-music-center?came_from=257&utm_medium=web&utm_source=city_page&utm_campaign=top_event,2025-08-27T04:37:22.3376883Z,2025-08-27T04:37:29.3694601Z,ok,7.0317217,0,30
HtmlDownloader,www.bandsintown.com,https://www.bandsintown.com/e/1034335391-the-lumineers-at-broadview-stage-at-spac?came_from=257&utm_medium=web&utm_source=city_page&utm_campaign=top_event,2025-08-27T04:37:29.3754883Z,2025-08-27T04:37:35.5032094Z,ok,6.1276511,0,30
HtmlDownloader,www.bandsintown.com,https://www.bandsintown.com/e/106378797-barenaked-ladies-at-tanglewood-music-center?came_from=257&utm_medium=web&utm_source=city_page&utm_campaign=top_event,2025-08-27T04:37:35.5091691Z,2025-08-27T04:37:43.0287554Z,ok,7.5193489,0,30
HtmlDownloader,ra.co,https://ra.co/events/2126052,2025-08-27T04:37:43.0337551Z,2025-08-27T04:37:49.0586071Z,ok,6.0244126,0,30
HtmlDownloader,ra.co,https://ra.co/events/2134473,2025-08-27T04:37:49.0675839Z,2025-08-27T04:37:55.0823970Z,ok,6.0146721,0,30
HtmlDownloader,ra.co,https://ra.co/events/2169754,2025-08-27T04:37:55.0903963Z,2025-08-27T04:38:01.1048449Z,ok,6.0140729,0,30
HtmlDownloader,ra.co,https://ra.co/events/2123227,2025-08-27T04:38:01.1107991Z,2025-08-27T04:38:07.1246823Z,ok,6.014158,0,30
HtmlDownloader,ra.co,https://ra.co/events/2147496,2025-08-27T04:38:07.1335727Z,2025-08-27T04:38:13.1486396Z,ok,6.0149843,0,30
HtmlDownloader,ra.co,https://ra.co/events/2109333,2025-08-27T04:38:13.1555718Z,2025-08-27T04:38:19.1684425Z,ok,6.0129007,0,30
HtmlDownloader,ra.co,https://ra.co/events/2140347,2025-08-27T04:38:19.1754001Z,2025-08-27T04:38:25.2038157Z,ok,6.0286354,0,30
HtmlDownloader,ra.co,https://ra.co/events/2160356,2025-08-27T04:38:25.2147035Z,2025-08-27T04:38:31.2421668Z,ok,6.0270518,0,30
HtmlDownloader,ra.co,https://ra.co/events/2043904,2025-08-27T04:38:31.2500386Z,2025-08-27T04:38:37.2705287Z,ok,6.02068,0,30
HtmlDownloader,ra.co,https://ra.co/events/2123051,2025-08-27T04:38:37.2794554Z,2025-08-27T04:38:43.3033984Z,ok,6.0246393,0,30
HtmlDownloader,www.songkick.com,https://www.songkick.com/concerts/42429147-fisher-at-san-jose-city-hall,2025-08-27T04:38:43.3153208Z,2025-08-27T04:39:04.4516118Z,ok,21.1367379,0,30
HtmlDownloader,www.songkick.com,https://www.songkick.com/concerts/42544883-matisyahu-at-guild-theatre,2025-08-27T04:39:04.4576085Z,2025-08-27T04:39:10.5492981Z,ok,6.091932,0,30
HtmlDownloader,www.songkick.com,https://www.songkick.com/concerts/42423279-los-lobos-at-rancho-nicasio,2025-08-27T04:39:10.5552938Z,2025-08-27T04:39:16.6539058Z,ok,6.0985566,0,30
HtmlDownloader,www.songkick.com,https://www.songkick.com/concerts/42454434-war-and-treaty-at-chapel,2025-08-27T04:39:16.6588689Z,2025-08-27T04:39:22.7339340Z,error,6.0745219,0,30
HtmlDownloader,www.songkick.com,https://www.songkick.com/concerts/42521431-sam-grisman-project-at-hopmonk-tavern-novato,2025-08-27T04:39:22.7418997Z,2025-08-27T04:39:29.1604572Z,ok,6.4186241,0,30
HtmlDownloader,www.songkick.com,https://www.songkick.com/concerts/42538085-hooveriii-at-kilowatt-bar,2025-08-27T04:39:29.1694692Z,2025-08-27T04:39:35.2686232Z,ok,6.0993163,0,30
HtmlDownloader,www.songkick.com,https://www.songkick.com/concerts/42500068-silk-e-at-yoshis,2025-08-27T04:39:35.2775715Z,2025-08-27T04:39:41.8939875Z,ok,6.6159886,0,30
HtmlDownloader,www.songkick.com,https://www.songkick.com/concerts/42425780-sk-shlomo-at-pound,2025-08-27T04:39:41.9049450Z,2025-08-27T04:39:47.9948076Z,ok,6.0896658,0,30
HtmlDownloader,www.songkick.com,https://www.songkick.com/concerts/42544882-levi-at-midway,2025-08-27T04:39:48.0007784Z,2025-08-27T04:39:54.2751656Z,ok,6.2744399,0,30
HtmlDownloader,www.songkick.com,https://www.songkick.com/concerts/42583569-ugly-oakland-at-el-rio,2025-08-27T04:39:54.2822033Z,2025-08-27T04:40:00.4068216Z,ok,6.1252289,0,30
HtmlDownloader,www.stubhub.com,https://www.stubhub.com/the-garden-of-eden-west-hollywood-tickets-5-28-2025/event/157881593/,2025-08-27T04:40:00.4128068Z,2025-08-27T04:40:06.5230621Z,ok,6.1105269,0,30
HtmlDownloader,www.stubhub.com,https://www.stubhub.com/iggy-pop-london-tickets-5-28-2025/event/156074174/,2025-08-27T04:40:06.5290552Z,2025-08-27T04:40:12.6246372Z,ok,6.0959134,0,30
HtmlDownloader,www.stubhub.com,https://www.stubhub.com/peach-pit-milwaukee-tickets-5-28-2025/event/156250964/,2025-08-27T04:40:12.6306056Z,2025-08-27T04:40:18.7096945Z,ok,6.0785419,0,30
HtmlDownloader,www.stubhub.com,https://www.stubhub.com/styx-greenville-tickets-5-28-2025/event/156423954/,2025-08-27T04:40:18.7156419Z,2025-08-27T04:40:24.7882616Z,ok,6.0729767,0,30
HtmlDownloader,www.stubhub.com,https://www.stubhub.com/ryan-bingham-new-orleans-tickets-5-28-2025/event/157477050/,2025-08-27T04:40:24.7942250Z,2025-08-27T04:40:30.8709383Z,ok,6.077084,0,30
HtmlDownloader,www.stubhub.com,https://www.stubhub.com/weathers-cleveland-tickets-5-28-2025/event/157631096/,2025-08-27T04:40:30.8779039Z,2025-08-27T04:40:36.9401695Z,ok,6.0631112,0,30
HtmlDownloader,www.stubhub.com,https://www.stubhub.com/ryan-adams-hutchinson-tickets-5-28-2025/event/156279531/,2025-08-27T04:40:36.9481609Z,2025-08-27T04:40:43.0749502Z,ok,6.1268284,0,30
HtmlDownloader,www.stubhub.com,https://www.stubhub.com/the-menzingers-nashville-tickets-5-28-2025/event/156475065/,2025-08-27T04:40:43.0809501Z,2025-08-27T04:40:49.1602572Z,ok,6.0787546,0,30
HtmlDownloader,www.stubhub.com,https://www.stubhub.com/lord-huron-morrison-tickets-5-28-2025/event/155984063/,2025-08-27T04:40:49.1662841Z,2025-08-27T04:40:55.2464702Z,ok,6.079524,0,30
HtmlDownloader,www.stubhub.com,https://www.stubhub.com/dope-lemon-santa-fe-tickets-5-28-2025/event/157333371/,2025-08-27T04:40:55.2514707Z,2025-08-27T04:41:01.3670151Z,ok,6.1152985,0,30
HtmlDownloader,www.ticketmaster.com,https://www.ticketmaster.com/jesse-joy-el-despecho-tour-fresno-california-08-21-2025/event/1C0062A5A5661CB2,2025-08-27T04:41:01.3759861Z,2025-08-27T04:41:07.8272174Z,ok,6.4510398,0,30
HtmlDownloader,www.ticketmaster.com,https://www.ticketmaster.com/jesse-joy-el-despecho-tour-kansas-city-missouri-08-28-2025/event/06006297D1B0614A,2025-08-27T04:41:07.8332163Z,2025-08-27T04:41:14.9514019Z,error,7.1181516,0,30
HtmlDownloader,www.ticketmaster.com,https://www.ticketmaster.com/jesse-joy-el-despecho-tour-denver-colorado-08-29-2025/event/1E0062A5D95A2E34,2025-08-27T04:41:14.9693899Z,2025-08-27T04:41:22.1440427Z,ok,7.1748605,0,30
HtmlDownloader,www.ticketmaster.com,https://www.ticketmaster.com/jesse-joy-el-despecho-tour-rosemont-illinois-10-03-2025/event/04006285A5D51E69,2025-08-27T04:41:22.1510082Z,2025-08-27T04:41:29.6263019Z,ok,7.4749056,0,30
HtmlDownloader,www.ticketmaster.com,https://www.ticketmaster.com/jesse-joy-el-despecho-tour-minneapolis-minnesota-10-04-2025/event/060062ACC5614FA5,2025-08-27T04:41:29.6323008Z,2025-08-27T04:41:36.5986923Z,ok,6.965841,0,30
HtmlDownloader,www.ticketmaster.com,https://www.ticketmaster.com/jesse-joy-el-despecho-tour-charlotte-north-carolina-10-31-2025/event/2D0062A4A51B3FE1,2025-08-27T04:41:36.6106830Z,2025-08-27T04:41:43.8322318Z,ok,7.2213909,0,30
HtmlDownloader,www.ticketmaster.com,https://www.ticketmaster.com/jesse-joy-el-despecho-tour-miami-florida-11-01-2025/event/0D006296B942219C,2025-08-27T04:41:43.8462217Z,2025-08-27T04:41:50.9190735Z,ok,7.0733446,0,30
HtmlDownloader,www.ticketmaster.com,https://www.ticketmaster.com/jesse-joy-el-despecho-tour-seattle-washington-11-09-2025/event/0F0062A94DA54CE9,2025-08-27T04:41:50.9260741Z,2025-08-27T04:41:57.9877827Z,ok,7.0620794,0,30
HtmlDownloader,www.ticketmaster.com.mx,https://www.ticketmaster.com.mx/concierto-ensamble-50-no-culpes-a-monterrey-07-06-2025/event/1400624AF5DD279D,2025-08-27T04:41:57.9937498Z,2025-08-27T04:42:05.0528217Z,ok,7.0588988,0,30
HtmlDownloader,www.cheapoair.com,https://www.cheapoair.com/air/listing?&d1=PVGG&r1=PAR&dt1=09/01/2025&dtype1=G&rtype1=C&d2=PAR&r2=PVGG&dt2=10/31/2025&dtype2=C&rtype2=G&tripType=ROUNDTRIP&cl=ECONOMY&ad=1&se=0&ch=0&infs=0&infl=0,2025-08-27T04:42:05.0598504Z,2025-08-27T04:42:11.2731648Z,ok,6.2135598,0,30
HtmlDownloader,www.cheapoair.com,https://www.cheapoair.com/air/listing?&d1=KUL&r1=PAR&dt1=09/01/2025&dtype1=A&rtype1=C&d2=PAR&r2=KUL&dt2=10/31/2025&dtype2=C&rtype2=A&tripType=ROUNDTRIP&cl=ECONOMY&ad=1&se=0&ch=0&infs=0&infl=0,2025-08-27T04:42:11.2801656Z,2025-08-27T04:42:17.2976964Z,ok,6.0183557,0,30
HtmlDownloader,www.cheapoair.com,https://www.cheapoair.com/air/listing?&d1=KUL&r1=LAX&dt1=09/01/2025&dtype1=A&rtype1=A&d2=LAX&r2=KUL&dt2=10/31/2025&dtype2=A&rtype2=A&tripType=ROUNDTRIP&cl=ECONOMY&ad=1&se=0&ch=0&infs=0&infl=0,2025-08-27T04:42:17.3256735Z,2025-08-27T04:42:23.3458454Z,ok,6.0198901,0,30
HtmlDownloader,www.cheapoair.com,https://www.cheapoair.com/air/listing?&d1=SIN&r1=NYC&dt1=09/01/2025&dtype1=A&rtype1=C&d2=NYC&r2=SIN&dt2=10/31/2025&dtype2=C&rtype2=A&tripType=ROUNDTRIP&cl=ECONOMY&ad=1&se=0&ch=0&infs=0&infl=0,2025-08-27T04:42:23.3526988Z,2025-08-27T04:42:29.3713522Z,ok,6.0188177,0,30
HtmlDownloader,www.cheapoair.com,https://www.cheapoair.com/air/listing?&d1=SIN&r1=SFOG&dt1=09/01/2025&dtype1=A&rtype1=G&d2=SFOG&r2=SIN&dt2=10/31/2025&dtype2=G&rtype2=A&tripType=ROUNDTRIP&cl=ECONOMY&ad=1&se=0&ch=0&infs=0&infl=0,2025-08-27T04:42:29.3863519Z,2025-08-27T04:42:35.4163493Z,ok,6.0300299,0,30
HtmlDownloader,www.cheapoair.com,https://www.cheapoair.com/air/listing?&d1=HKG&r1=SFOG&dt1=09/01/2025&dtype1=A&rtype1=G&d2=SFOG&r2=HKG&dt2=10/31/2025&dtype2=G&rtype2=A&tripType=ROUNDTRIP&cl=ECONOMY&ad=1&se=0&ch=0&infs=0&infl=0,2025-08-27T04:42:35.4223494Z,2025-08-27T04:42:41.4526632Z,ok,6.0301923,0,30
HtmlDownloader,www.cheapoair.com,https://www.cheapoair.com/air/listing?&d1=HKG&r1=TYO&dt1=09/01/2025&dtype1=A&rtype1=C&d2=TYO&r2=HKG&dt2=10/31/2025&dtype2=C&rtype2=A&tripType=ROUNDTRIP&cl=ECONOMY&ad=1&se=0&ch=0&infs=0&infl=0,2025-08-27T04:42:41.4585231Z,2025-08-27T04:42:47.4806640Z,ok,6.0217687,0,30
HtmlDownloader,www.cheapoair.com,https://www.cheapoair.com/air/listing?&d1=TYO&r1=LON&dt1=09/01/2025&dtype1=C&rtype1=C&d2=LON&r2=TYO&dt2=10/31/2025&dtype2=C&rtype2=C&tripType=ROUNDTRIP&cl=ECONOMY&ad=1&se=0&ch=0&infs=0&infl=0,2025-08-27T04:42:47.4876508Z,2025-08-27T04:42:53.5254352Z,ok,6.037518,0,30
HtmlDownloader,www.cheapoair.com,https://www.cheapoair.com/air/listing?&d1=DXB&r1=LON&dt1=09/01/2025&dtype1=A&rtype1=C&d2=LON&r2=DXB&dt2=10/31/2025&dtype2=C&rtype2=A&tripType=ROUNDTRIP&cl=ECONOMY&ad=1&se=0&ch=0&infs=0&infl=0,2025-08-27T04:42:53.5323273Z,2025-08-27T04:42:59.5504910Z,ok,6.0185972,0,30
HtmlDownloader,www.cheapoair.com,https://www.cheapoair.com/air/listing?&d1=DXB&r1=NYC&dt1=09/01/2025&dtype1=A&rtype1=C&d2=NYC&r2=DXB&dt2=10/31/2025&dtype2=C&rtype2=A&tripType=ROUNDTRIP&cl=ECONOMY&ad=1&se=0&ch=0&infs=0&infl=0,2025-08-27T04:42:59.5724204Z,2025-08-27T04:43:05.5890906Z,ok,6.0172955,0,30
HtmlDownloader,www.farecompare.com,https://www.farecompare.com/flights/Chicago-CHI/Dallas-Fort_Worth-DFW/market.html,2025-08-27T04:43:05.5961070Z,2025-08-27T04:43:11.6401798Z,ok,6.0441562,0,30
HtmlDownloader,www.farecompare.com,https://www.farecompare.com/flights/Chicago-CHI/New_York-NYC/market.html,2025-08-27T04:43:11.6471950Z,2025-08-27T04:43:17.6874702Z,ok,6.0403601,0,30
HtmlDownloader,www.farecompare.com,https://www.farecompare.com/flights/Chicago-CHI/Las_Vegas-LAS/market.html,2025-08-27T04:43:17.6934692Z,2025-08-27T04:43:23.7540647Z,ok,6.0608299,0,30
HtmlDownloader,www.farecompare.com,https://www.farecompare.com/flights/Chicago-CHI/Los_Angeles-LAX/market.html,2025-08-27T04:43:23.7600801Z,2025-08-27T04:43:29.7970134Z,ok,6.0371678,0,30
HtmlDownloader,www.farecompare.com,https://www.farecompare.com/flights/Chicago-CHI/Orlando-ORL/market.html,2025-08-27T04:43:29.8069330Z,2025-08-27T04:43:35.8424916Z,ok,6.036197,0,30
HtmlDownloader,www.farecompare.com,https://www.farecompare.com/flights/Chicago-CHI/Austin-AUS/market.html,2025-08-27T04:43:35.8494907Z,2025-08-27T04:43:41.9131758Z,ok,6.0640137,0,30
HtmlDownloader,www.farecompare.com,https://www.farecompare.com/flights/Chicago-CHI/Atlanta-ATL/market.html,2025-08-27T04:43:41.9191454Z,2025-08-27T04:43:47.9741458Z,ok,6.0545947,0,30
HtmlDownloader,www.farecompare.com,https://www.farecompare.com/flights/Chicago-CHI/San_Antonio-SAT/market.html,2025-08-27T04:43:47.9801670Z,2025-08-27T04:43:54.0204500Z,ok,6.0399465,0,30
HtmlDownloader,www.farecompare.com,https://www.farecompare.com/flights/Chicago-CHI/Denver-DEN/market.html,2025-08-27T04:43:54.0274065Z,2025-08-27T04:44:00.0899377Z,ok,6.0628345,0,30
HtmlDownloader,www.farecompare.com,https://www.farecompare.com/flights/Chicago-CHI/New_Orleans-MSY/market.html,2025-08-27T04:44:00.0959051Z,2025-08-27T04:44:06.1351785Z,ok,6.0388791,0,30
HtmlDownloader,www.vn.kayak.com,https://www.vn.kayak.com/flights/HKG-MAD/2025-09-09/2025-09-30?ucs=49awwa&sort=bestflight_a,2025-08-27T04:44:06.1411913Z,2025-08-27T04:44:12.4734319Z,ok,6.3318209,0,30
HtmlDownloader,www.vn.kayak.com,https://www.vn.kayak.com/flights/HKG-SEL/2025-09-09/2025-09-30?fs=fdDir=false&ucs=49awwa&sort=bestflight_a,2025-08-27T04:44:12.4794439Z,2025-08-27T04:44:18.7635672Z,ok,6.2840211,0,30
HtmlDownloader,www.vn.kayak.com,https://www.vn.kayak.com/flights/SIN-SHA/2025-09-09/2025-09-30?fs=fdDir=false&ucs=49awwa&sort=bestflight_a,2025-08-27T04:44:18.7705668Z,2025-08-27T04:44:25.0688601Z,ok,6.2983505,0,30
HtmlDownloader,www.vn.kayak.com,https://www.vn.kayak.com/flights/BKK-SHA/2025-09-09/2025-09-30?fs=fdDir=false&ucs=49awwa&sort=bestflight_a,2025-08-27T04:44:25.0758597Z,2025-08-27T04:44:31.3864504Z,ok,6.3113189,0,30
HtmlDownloader,www.vn.kayak.com,https://www.vn.kayak.com/flights/BKK-PAR/2025-09-09/2025-09-30?fs=fdDir=false&ucs=49awwa&sort=bestflight_a,2025-08-27T04:44:31.3964116Z,2025-08-27T04:44:37.7006619Z,ok,6.3048259,0,30
HtmlDownloader,www.vn.kayak.com,https://www.vn.kayak.com/flights/HAN-PAR/2025-09-09/2025-09-30?fs=fdDir=false&ucs=49awwa&sort=bestflight_a,2025-08-27T04:44:37.7076252Z,2025-08-27T04:44:44.0726369Z,ok,6.3647423,0,30
HtmlDownloader,www.vn.kayak.com,"https://www.vn.kayak.com/flights/HAN-PAR,TYO/2025-09-09/2025-09-30?fs=fdDir=false&ucs=49awwa&sort=bestflight_a",2025-08-27T04:44:44.0806339Z,2025-08-27T04:44:50.2927438Z,ok,6.2120662,0,30
HtmlDownloader,www.vn.kayak.com,"https://www.vn.kayak.com/flights/FRA-PAR,TYO/2025-09-09/2025-09-30?fs=fdDir=false&ucs=49awwa&sort=bestflight_a",2025-08-27T04:44:50.3007187Z,2025-08-27T04:44:56.4834782Z,ok,6.1822665,0,30
HtmlDownloader,www.vn.kayak.com,https://www.vn.kayak.com/flights/FRA-NYC/2025-09-09/2025-09-30?fs=fdDir=false&ucs=49awwa&sort=bestflight_a,2025-08-27T04:44:56.4925105Z,2025-08-27T04:45:02.7778707Z,ok,6.2852374,0,30
HtmlDownloader,www.vn.kayak.com,"https://www.vn.kayak.com/flights/FRA,NYC-DXB/2025-09-09/2025-09-30?fs=fdDir=false&ucs=49awwa&sort=bestflight_a",2025-08-27T04:45:02.7848717Z,2025-08-27T04:45:08.9515228Z,ok,6.1662478,0,30
HtmlDownloader,www.gotogate.com,https://www.gotogate.com/rf/result?selectionKey=CX636-27Aug25-M_CX739-02Sep25-Q%2C13x3818,2025-08-27T04:45:08.9584892Z,2025-08-27T04:45:14.9763370Z,ok,6.0179628,0,30
HtmlDownloader,www.gotogate.com,https://www.gotogate.com/rf/result?selectionKey=ZG54-27Aug25-Q_TR809-02Sep25-T%2C12fo8jv,2025-08-27T04:45:14.9843260Z,2025-08-27T04:45:21.0050876Z,ok,6.0211124,0,30
HtmlDownloader,www.gotogate.com,https://www.gotogate.com/rf/result?selectionKey=ZG16-27Aug25-R_NK2371-27Aug25-Y_AC8941-02Sep25-K_AC5-02Sep25-K%2C6u8x9o,2025-08-27T04:45:21.0171071Z,2025-08-27T04:45:27.0412792Z,ok,6.0244532,0,30
HtmlDownloader,www.gotogate.com,https://www.gotogate.com/rf/result?selectionKey=ZG26-27Aug25-R_ZG25-02Sep25-R%2C104agwi,2025-08-27T04:45:27.0512886Z,2025-08-27T04:45:33.0748565Z,ok,6.0233076,0,30
HtmlDownloader,www.gotogate.com,https://www.gotogate.com/rf/result?selectionKey=BF726-27Aug25-O_N0302-02Sep25-Q%2C12ln5f4,2025-08-27T04:45:33.0838801Z,2025-08-27T04:45:39.1019434Z,ok,6.0183816,0,30
HtmlDownloader,www.gotogate.com,https://www.gotogate.com/rf/result?selectionKey=U28402-27Aug25-Y_U22437-02Sep25-Y%2C174p8s6,2025-08-27T04:45:39.1138751Z,2025-08-27T04:45:45.1556543Z,ok,6.0421862,0,30
HtmlDownloader,www.gotogate.com,https://www.gotogate.com/rf/result?selectionKey=AS474-27Aug25-X_AS1005-27Aug25-X_AS3490-02Sep25-X_AS737-02Sep25-X%2Cjn4tgz,2025-08-27T04:45:45.1645450Z,2025-08-27T04:45:51.1814776Z,ok,6.0168194,0,30
HtmlDownloader,www.gotogate.com,https://www.gotogate.com/rf/result?selectionKey=FI451-27Aug25-H_FI623-27Aug25-H_FI618-02Sep25-O_FI472-03Sep25-O%2C8wi007,2025-08-27T04:45:51.2055048Z,2025-08-27T04:45:57.2231244Z,ok,6.0177433,0,30
HtmlDownloader,www.gotogate.com,https://www.gotogate.com/rf/result?selectionKey=QR756-27Aug25-Q_QR1014-28Aug25-Q_QR1003-02Sep25-Q_QR755-02Sep25-Q%2Cleqf63,2025-08-27T04:45:57.2299878Z,2025-08-27T04:46:03.2489362Z,ok,6.0192125,0,30
HtmlDownloader,www.gotogate.com,https://www.gotogate.com/rf/result?selectionKey=QR756-27Aug25-Q_QR1018-28Aug25-Q_QR1003-02Sep25-Q_QR755-02Sep25-Q%2Cllwvnz,2025-08-27T04:46:03.2588554Z,2025-08-27T04:46:09.2775342Z,ok,6.018595,0,30
HtmlDownloader,www.tripadvisor.com,https://www.tripadvisor.com/Hotel_Review-g187791-d9732958-Reviews-Casa_Mia_in_Trastevere-Rome_Lazio.html?spAttributionToken=MzEwNjEwOTc,2025-08-27T04:46:09.2874541Z,2025-08-27T04:46:15.4159052Z,ok,6.1283627,0,30
HtmlDownloader,www.tripadvisor.com,https://www.tripadvisor.com/Hotel_Review-g187791-d205831-Reviews-Hotel_Cortina-Rome_Lazio.html,2025-08-27T04:46:15.4219028Z,2025-08-27T04:46:21.5565693Z,ok,6.1341485,0,30
HtmlDownloader,www.tripadvisor.com,https://www.tripadvisor.com/Hotel_Review-g187791-d21501108-Reviews-Hotel_Villa_Pamphili_Roma-Rome_Lazio.html,2025-08-27T04:46:21.5635024Z,2025-08-27T04:46:27.7213552Z,ok,6.1579233,0,30
HtmlDownloader,www.tripadvisor.com,https://www.tripadvisor.com/Hotel_Review-g187791-d236134-Reviews-Hotel_Abruzzi-Rome_Lazio.html,2025-08-27T04:46:27.7283559Z,2025-08-27T04:46:33.8876926Z,ok,6.1599339,0,30
HtmlDownloader,www.tripadvisor.com,https://www.tripadvisor.com/Hotel_Review-g187791-d231290-Reviews-Dharma_Style_Hotel_Spa-Rome_Lazio.html,2025-08-27T04:46:33.8947183Z,2025-08-27T04:46:40.0593790Z,ok,6.1645353,0,30
HtmlDownloader,www.tripadvisor.com,https://www.tripadvisor.com/Hotel_Review-g187791-d531936-Reviews-Argentina_Residenza_Style_Hotel-Rome_Lazio.html,2025-08-27T04:46:40.0693784Z,2025-08-27T04:46:46.2258124Z,ok,6.1563037,0,30
HtmlDownloader,www.tripadvisor.com,https://www.tripadvisor.com/Hotel_Review-g187791-d656857-Reviews-Hotel_Romanico_Palace-Rome_Lazio.html?spAttributionToken=MzEwNjA4Nzk,2025-08-27T04:46:46.2378492Z,2025-08-27T04:46:52.4111630Z,ok,6.1736877,0,30
HtmlDownloader,www.tripadvisor.com,https://www.tripadvisor.com/Hotel_Review-g187791-d7619756-Reviews-The_Fifteen_Keys_Hotel-Rome_Lazio.html,2025-08-27T04:46:52.4181413Z,2025-08-27T04:46:58.5550046Z,ok,6.1369897,0,30
HtmlDownloader,www.tripadvisor.com,https://www.tripadvisor.com/Hotel_Review-g187791-d10319203-Reviews-Glam_Hotel-Rome_Lazio.html,2025-08-27T04:46:58.5620044Z,2025-08-27T04:47:04.7090214Z,ok,6.1473263,0,30
HtmlDownloader,www.tripadvisor.com,https://www.tripadvisor.com/Hotel_Review-g187791-d650621-Reviews-Yes_Hotel_Boutique_Hotel_Rome-Rome_Lazio.html,2025-08-27T04:47:04.7209738Z,2025-08-27T04:47:10.9137115Z,ok,6.1930811,0,30
HtmlDownloader,www.agoda.com,"https://www.agoda.com/travelodge-by-wyndham-lax-south/hotel/los-angeles-ca-us.html?countryId=181&finalPriceView=1&isShowMobileAppPrice=false&cid=-1&numberOfBedrooms=&familyMode=false&adults=1&children=0&rooms=1&maxRooms=0&checkIn=2025-07-31&isCalendarCallout=false&childAges=&numberOfGuest=0&missingChildAges=false&travellerType=-1&showReviewSubmissionEntry=false&currencyCode=VND&isFreeOccSearch=false&tspTypes=16,8&los=1&searchrequestid=1c054b3c-71c5-4077-af83-4e35c1a5f4d1",2025-08-27T04:47:10.9207138Z,2025-08-27T04:47:16.9352114Z,too_short,6.0143991,0,30
HtmlDownloader,www.agoda.com,"https://www.agoda.com/hilton-los-angeles-airport/hotel/los-angeles-ca-us.html?countryId=181&finalPriceView=1&isShowMobileAppPrice=false&cid=-1&numberOfBedrooms=&familyMode=false&adults=1&children=0&rooms=1&maxRooms=0&checkIn=2025-07-31&isCalendarCallout=false&childAges=&numberOfGuest=0&missingChildAges=false&travellerType=-1&showReviewSubmissionEntry=false&currencyCode=VND&isFreeOccSearch=false&tspTypes=16,8&los=1&searchrequestid=1c054b3c-71c5-4077-af83-4e35c1a5f4d1",2025-08-27T04:47:16.9422088Z,2025-08-27T04:47:22.9700421Z,too_short,6.0276252,0,30
HtmlDownloader,www.agoda.com,https://www.agoda.com/ramada-by-wyndham-hawthorne-lax/hotel/los-angeles-ca-us.html?countryId=181&finalPriceView=1&isShowMobileAppPrice=false&cid=-1&numberOfBedrooms=&familyMode=false&adults=1&children=0&rooms=1&maxRooms=0&checkIn=2025-07-31&isCalendarCallout=false&childAges=&numberOfGuest=0&missingChildAges=false&travellerType=-1&showReviewSubmissionEntry=false&currencyCode=VND&isFreeOccSearch=false&los=1&searchrequestid=1c054b3c-71c5-4077-af83-4e35c1a5f4d1,2025-08-27T04:47:22.9770097Z,2025-08-27T04:47:29.0148086Z,too_short,6.0371108,0,30
HtmlDownloader,www.agoda.com,https://www.agoda.com/hyatt-regency-long-beach_7/hotel/los-angeles-ca-us.html?countryId=181&finalPriceView=1&isShowMobileAppPrice=false&cid=-1&numberOfBedrooms=&familyMode=false&adults=1&children=0&rooms=1&maxRooms=0&checkIn=2025-07-31&isCalendarCallout=false&childAges=&numberOfGuest=0&missingChildAges=false&travellerType=-1&showReviewSubmissionEntry=false&currencyCode=VND&isFreeOccSearch=false&los=1&searchrequestid=1c054b3c-71c5-4077-af83-4e35c1a5f4d1,2025-08-27T04:47:29.0217719Z,2025-08-27T04:47:35.3785773Z,ok,6.3569426,0,30
HtmlDownloader,www.agoda.com,https://www.agoda.com/hyatt-regency-los-angeles-international-airport/hotel/los-angeles-ca-us.html?countryId=181&finalPriceView=1&isShowMobileAppPrice=false&cid=-1&numberOfBedrooms=&familyMode=false&adults=1&children=0&rooms=1&maxRooms=0&checkIn=2025-07-31&isCalendarCallout=false&childAges=&numberOfGuest=0&missingChildAges=false&travellerType=-1&showReviewSubmissionEntry=false&currencyCode=VND&isFreeOccSearch=false&tspTypes=16&los=1&searchrequestid=1c054b3c-71c5-4077-af83-4e35c1a5f4d1,2025-08-27T04:47:35.3855753Z,2025-08-27T04:47:41.4063379Z,too_short,6.0204182,0,30
HtmlDownloader,www.agoda.com,"https://www.agoda.com/holiday-inn-los-angeles-lax-airport/hotel/los-angeles-ca-us.html?countryId=181&finalPriceView=1&isShowMobileAppPrice=false&cid=-1&numberOfBedrooms=&familyMode=false&adults=1&children=0&rooms=1&maxRooms=0&checkIn=2025-07-31&isCalendarCallout=false&childAges=&numberOfGuest=0&missingChildAges=false&travellerType=-1&showReviewSubmissionEntry=false&currencyCode=VND&isFreeOccSearch=false&tspTypes=16,8&los=1&searchrequestid=1c054b3c-71c5-4077-af83-4e35c1a5f4d1",2025-08-27T04:47:41.4133379Z,2025-08-27T04:47:47.4375017Z,too_short,6.0238553,0,30
HtmlDownloader,www.agoda.com,https://www.agoda.com/green-homestay/hotel/los-angeles-ca-us.html?countryId=181&finalPriceView=1&isShowMobileAppPrice=false&cid=-1&numberOfBedrooms=&familyMode=false&adults=1&children=0&rooms=1&maxRooms=0&checkIn=2025-07-31&isCalendarCallout=false&childAges=&numberOfGuest=0&missingChildAges=false&travellerType=-1&showReviewSubmissionEntry=false&currencyCode=VND&isFreeOccSearch=false&tspTypes=3&los=1&searchrequestid=1c054b3c-71c5-4077-af83-4e35c1a5f4d1,2025-08-27T04:47:47.4445068Z,2025-08-27T04:47:53.7484058Z,ok,6.3035924,0,30
HtmlDownloader,www.agoda.com,"https://www.agoda.com/kings-inn-anaheim-at-the-park-convention-center/hotel/los-angeles-ca-us.html?countryId=181&finalPriceView=1&isShowMobileAppPrice=false&cid=-1&numberOfBedrooms=&familyMode=false&adults=1&children=0&rooms=1&maxRooms=0&checkIn=2025-07-31&isCalendarCallout=false&childAges=&numberOfGuest=0&missingChildAges=false&travellerType=-1&showReviewSubmissionEntry=false&currencyCode=VND&isFreeOccSearch=false&tspTypes=1,16,8&los=1&searchrequestid=1c054b3c-71c5-4077-af83-4e35c1a5f4d1",2025-08-27T04:47:53.7563614Z,2025-08-27T04:47:59.7849358Z,too_short,6.028683,0,30
HtmlDownloader,www.agoda.com,https://www.agoda.com/hyatt-place-lax-century-blvd/hotel/los-angeles-ca-us.html?countryId=181&finalPriceView=1&isShowMobileAppPrice=false&cid=-1&numberOfBedrooms=&familyMode=false&adults=1&children=0&rooms=1&maxRooms=0&checkIn=2025-07-31&isCalendarCallout=false&childAges=&numberOfGuest=0&missingChildAges=false&travellerType=-1&showReviewSubmissionEntry=false&currencyCode=VND&isFreeOccSearch=false&tspTypes=16&los=1&searchrequestid=1c054b3c-71c5-4077-af83-4e35c1a5f4d1,2025-08-27T04:47:59.7949294Z,2025-08-27T04:48:05.8122670Z,too_short,6.0175115,0,30
HtmlDownloader,www.agoda.com,"https://www.agoda.com/freehand-los-angeles_4/hotel/los-angeles-ca-us.html?countryId=181&finalPriceView=1&isShowMobileAppPrice=false&cid=-1&numberOfBedrooms=&familyMode=false&adults=1&children=0&rooms=1&maxRooms=0&checkIn=2025-07-31&isCalendarCallout=false&childAges=&numberOfGuest=0&missingChildAges=false&travellerType=-1&showReviewSubmissionEntry=false&currencyCode=VND&isFreeOccSearch=false&tspTypes=7,4,16&los=1&searchrequestid=1c054b3c-71c5-4077-af83-4e35c1a5f4d1",2025-08-27T04:48:05.8212999Z,2025-08-27T04:48:11.8542553Z,too_short,6.0332204,0,30
HtmlDownloader,www.kayak.com,"https://www.kayak.com/hotels/Crowne-Plaza-Bangkok-Lumpini-Park,Bangkok-p18056-h7278-details/2025-06-15/2025-08-31/2adults?psid=jGFkRx5AIy&pm=nightly-total",2025-08-27T04:48:11.8642518Z,2025-08-27T04:48:18.0910865Z,ok,6.2267171,0,30
HtmlDownloader,www.kayak.com,"https://www.kayak.com/hotels/Holiday-Inn-Express-Bangkok-Soi-Soonvijai,Bangkok-p18056-h3500140-details/2025-06-15/2025-08-31/2adults?psid=jGFkRx5AIy&pm=nightly-total",2025-08-27T04:48:18.0980811Z,2025-08-27T04:48:24.2762931Z,ok,6.1777453,0,30
HtmlDownloader,www.kayak.com,"https://www.kayak.com/hotels/Eastin-Grand-Hotel-Sathorn,Bangkok-p18056-h629844-details/2025-06-15/2025-08-31/2adults?psid=jGFkRx5AIy&pm=nightly-total",2025-08-27T04:48:24.2833299Z,2025-08-27T04:48:30.4605235Z,ok,6.1769756,0,30
HtmlDownloader,www.kayak.com,"https://www.kayak.com/hotels/Holiday-Inn-Express-Bangkok-Sukhumvit-11,Bangkok-p18056-h2226979-details/2025-06-15/2025-08-31/2adults?psid=jGFkRx5AIy&pm=nightly-total",2025-08-27T04:48:30.4705450Z,2025-08-27T04:48:36.6314685Z,ok,6.1605412,0,30
HtmlDownloader,www.kayak.com,"https://www.kayak.com/hotels/Hotel-Indigo-Bangkok-Wireless-Road,Bangkok-p18056-h2217986-details/2025-06-15/2025-08-31/2adults?psid=jGFkRx5AIy&pm=nightly-total",2025-08-27T04:48:36.6384642Z,2025-08-27T04:48:42.8491014Z,ok,6.2100807,0,30
HtmlDownloader,www.kayak.com,"https://www.kayak.com/hotels/Holiday-Inn-Express-Bangkok-Siam,Bangkok-p18056-h442866-details/2025-06-15/2025-08-31/2adults?psid=jGFkRx5AIy&pm=nightly-total",2025-08-27T04:48:42.8561180Z,2025-08-27T04:48:49.0124111Z,ok,6.1556177,0,30
HtmlDownloader,www.kayak.com,"https://www.kayak.com/hotels/Staybridge-Suites-Bangkok-Sukhumvit,An-IHG-Hotel,Bangkok-p18056-h9083743-details/2025-06-15/2025-08-31/2adults?psid=jGFkRx5AIy&pm=nightly-total",2025-08-27T04:48:49.0204104Z,2025-08-27T04:48:55.2016321Z,ok,6.181656,0,30
HtmlDownloader,www.kayak.com,"https://www.kayak.com/hotels/U-Sathorn-Bangkok,Bangkok-p18056-h2183435-details/2025-06-15/2025-08-31/2adults?psid=jGFkRx5AIy&pm=nightly-total",2025-08-27T04:48:55.2095967Z,2025-08-27T04:49:01.3849212Z,ok,6.1759384,0,30
HtmlDownloader,www.kayak.com,"https://www.kayak.com/hotels/Sindhorn-Midtown-Hotel-Bangkok,Vignette-Collection,An-IHG-Hotel,Bangkok-p18056-h5968220-details/2025-06-15/2025-08-31/2adults?psid=jGFkRx5AIy&pm=nightly-total",2025-08-27T04:49:01.3938884Z,2025-08-27T04:49:07.5989691Z,ok,6.2047736,0,30
HtmlDownloader,www.kayak.com,"https://www.kayak.com/hotels/Holiday-Inn-Bangkok,Bangkok-p18056-h35285-details/2025-06-15/2025-08-31/2adults?psid=jGFkRx5AIy&pm=nightly-total",2025-08-27T04:49:07.6069648Z,2025-08-27T04:49:13.7835365Z,ok,6.1773725,0,30
HtmlDownloader,vi.hotels.com,https://vi.hotels.com/en/ho120298/sonder-atala-champs-elysees-paris-france/?chkin=2025-06-22&chkout=2025-06-30&x_pwa=1&rfrr=HSR&pwa_ts=1747042196042&referrerUrl=aHR0cHM6Ly92aS5ob3RlbHMuY29tL0hvdGVsLVNlYXJjaA%3D%3D&useRewards=false&rm1=a2&regionId=2734&destination=Paris%2C+France&destType=MARKET&neighborhoodId=553248635212956116&latLong=48.853564%2C2.348095&trackingData=AAAAAQAAAAEAAAAQLvmGAiiNS3zYalg3lSfn_IeqBkYFYDChjYDOSWJDqMKtLfXq4-Q686KW9lChVzk_ItlDdmDW5BW4plK6mnk7mCAhyeHkHWlZ3YpGGtv-9lpuI7i_WDGFYkjgAO8Qvf1rFOj6s1dqCiVRr4QJAVKTbLseKk3zy5D4Dv0V30JCIgm7m0GhkIj0PVhNazFu4eOZbgCON-2Mb2mD8ALbOhIUb8IswxjoIh7j7GCtSDq8SJelNrTkdpDf3TAsK6snLb7Ve2d2l44TW7Ou5hd5Cb_xZ26drlU7mkAdFFVeYxy-PhJ3g3bkbwD8TZkzgWqhlIhWA7PrZAhG3toylP1yC8sCwqlQWdoWj-GekVQrDAKwzAM3Wh9dlPYz6KpDqS_5GCcegUp7q_sTmsjUMRViYDDAe0FzYcue2NHRfC25HLxNBcPsXCWvE3a7wAK-nqSbWrRPt1o-QCN_QpffV9f9MFwHkJs3NaezlhNf1CjJ32vNgfbCdS6WrlWLhA_naAUf9UxMPe0PFbEOyWFmKElwogI3pqVKH61HLsDDnEA6C4q33qak3nSF5hwE8nCZsunxLulq5hM3detRAfJkMIyYQcDxhJj-Mq50QS0ZcBIdMmI1yWQJTmMNCmOa94806vVxGjts_wMNAlapit9kNLpIMwYBbbvkWRjOxspTqYluaUy7XUMoyAiEy_gM5rQXMFO9Tb0IOWIJre_k-DxU5uhLO6Yho1rQ4xtluqpoO0pNRowzhI8sEq-p7HF9hD4zbrMx68D7NJwTKRh1zWCIumhGPgPP-VtUySLe2H1tux3ktOo-mkDGS9p2iH0HPa4XH5e0pjycMNmp2ewtAE2WUi_XpWYmgrZ-sslS6vsS23ZKErZOdVitcLCuA44gfhx6D6qP5rzs23-4kz1H4HF7xOGuH8tsQIWwe5_hVRH4IOHwxpLJd7lmAH6ESU76WndDj-D-AgwbikUSSSsyBTzTLxtZcgTssDW7iqyzYyvJs6v3-opI4_PkvLHdhsL2uCSsNv2lWQkVjWaVFgn5BP8Too_dth9qUmu6Pcb4KXHCYp2_pYcinR5SqnIy5ilH45hpOZ24GhuLH61-KaRZMz1RHE72Fj9Q-tZlXlEdF5XUoUMsMCdyrN-6Lzt3Ig7A9K9XrIyPkkmx0D95PeEaeZmXVWmvGj1BgnmsQEU68nXy6JceN5ePOYUjP3D4iPwP3qfk-0PELWGyqTyLZFHw0HnSo1sN0cH0qkFisfg2eTccji2xu1n9ygpMPTivyqChRDgFfCm4scW6QyQfrTe7BYszDrtkQ8xXLj5lnx1wGQrbst4CkWZihldDKviklsJp9dbqG8w70LbxxgSHsKr4qlaZd1qdLa032w%3D%3D&rank=1&testVersionOverride=Buttercup%2C39483.0.0%2C50028.0.0%2C50813.0.0%2C51642.0.0%2C51690.0.0%2C52131.0.0%2C54709.194717.1%2C59134.0.0%2C50988.158353.0%2C60140.211636.0%2C54072.0.0%2C57292.222105.0&slots=&position=1&beaconIssued=&sort=RECOMMENDED&top_dp=11863933&top_cur=VND&userIntent=&selectedRoomType=315433635&selectedRatePlan=387964432&expediaPropertyId=26733&searchId=e15b7d63-cb4a-4b10-a6cd-f0154b74e396,2025-08-27T04:49:13.7965224Z,2025-08-27T04:49:20.0976059Z,ok,6.3019285,0,30
HtmlDownloader,vi.hotels.com,https://vi.hotels.com/en/ho115857/normandy-le-chantier-paris-france/?chkin=2025-06-22&chkout=2025-06-30&x_pwa=1&rfrr=HSR&pwa_ts=1747042196046&referrerUrl=aHR0cHM6Ly92aS5ob3RlbHMuY29tL0hvdGVsLVNlYXJjaA%3D%3D&useRewards=false&rm1=a2&regionId=2734&destination=Paris%2C+France&destType=MARKET&neighborhoodId=553248635212958333&latLong=48.853564%2C2.348095&trackingData=AAAAAQAAAAEAAAAQynpvlhc2qTBDuZMrZHDNa6PnlXqZVAJP96Up06rJVV0x3qGvr9j9KRLwTdiY9v3RkCRRY8OQjwCccaab3oKITiQR7AX26VP2UBWVypEop4dlbJHyztQ8l1TugxPkUsXQ0KF63Pr9vVs9cdcRsXV2ikgvtqWjpWsthzugKOzuDyjcmxTXhw5yZPnQdXjC8Nx2ZT-tegyiLKUh-UKvkqUTtZimXJIcpOrqVw4M0IYHSx29vZJselnEv26CL0YKSJm-K6nDd4KHM3lLc9nJazZe1VN5-rij5h5xGFsuOEXKUXWDn6657-S3jFReOlZ3Hj_igVy6dwwUxBg6ofx_oiy19At90KGHbIlcJiTdIxtpjxF0Kc8tDqGMEqoEn5dlT0EkEAlIJuFxPVQeMqBhTezOTkjtOUMyQKliaDPXWdwVluKByoQqo9SY1CIgq3pujzVtcN5d8-GOuopI8qK0kjHSGJeMWSGLxxTdSTTlBzPSBhurqKxaTWfS8b0GKxuQm__yf8PT0-xjepdeDnTs6IspVM4FF8mJGT8S9mu2yOx_ekVj6hFzzjvZBhrTwk5Uxa7d8kR6ZHNkWu9gc0w8MFV2NrwxR8GDeO6wg4lORDXB_xn3C2gDO5X0pj1mnt9PkQQZ7d28eRNVg5LtNkOxPSqDCMmARCH_KtS3ppw0n5I9EcOwBbVBqnwdNSOrxBEUiP9j-cesSTp0CpLfPV0VR5Hj-Kl9OYTTgxf63syuKSzP7XX8C8DD3S-m_I5aUQRR3vIY3pQww3yh7GxExyFIQ0OQOCDxanFQ9nypHIPVk6EtwGTS25STQoTeLKeluU7rJn5ewvwjLovZFDR2mSbAUg6yoNlvDnr5LMTQWsVlvyW9IMtj3zStONY1GxH1qAEGtR7-CvW-rRy54hT9qfHRU8dXYPQ93PNm0d1ALa9UgtB2Rl5HwjGB_NGfB_Vjf0HJIzMTOsSsdYLxzvnFAiecopecElxJ_qnOfbzA3bAHNYHO0NR2bAD_25r8PQ7UkzHPPlZnwPF4VCD0SlhVMo3kY3ccUmDf1Q_P5VD9R6wc5fklMHRnbA4rbgvIIwWXxfT2W-ml90jS9pmN9jthc8WP7BbJJJz0O4JB-OjOzO6s0bzePJgX54O6V9OTb-eq1rgnmdg9609ky5R1Cd7-KzIl_8uxmEjnbm4cLXpVv6X7XwkjAiLdk0CLgY2IzPaLkfFIEzigttBJqGRDivxBluQuf8QVdJPYi-pQzF0AAsPv7b9Pepjcg6plrjVkHTH0cfk_lM2-5yLGNWMi9ESyA6YGGG162cUgUIB883srnMQ0OF8DLcOtilNnh7ewl0OnRAodRGtcTNPW198TO-g3A9vH-aWXvw%3D%3D&rank=2&testVersionOverride=Buttercup%2C39483.0.0%2C50028.0.0%2C50813.0.0%2C51642.0.0%2C51690.0.0%2C52131.0.0%2C54709.194717.1%2C59134.0.0%2C50988.158353.0%2C60140.211636.0%2C54072.0.0%2C57292.222105.0&slots=&position=2&beaconIssued=&sort=RECOMMENDED&top_dp=11901954&top_cur=VND&userIntent=&selectedRoomType=211808038&selectedRatePlan=395641212&expediaPropertyId=23157&searchId=e15b7d63-cb4a-4b10-a6cd-f0154b74e396,2025-08-27T04:49:20.1076079Z,2025-08-27T04:49:26.2118454Z,ok,6.1036008,0,30
HtmlDownloader,vi.hotels.com,https://vi.hotels.com/en/ho642192/les-patios-du-marais-paris-france/?chkin=2025-06-22&chkout=2025-06-30&x_pwa=1&rfrr=HSR&pwa_ts=1747042196051&referrerUrl=aHR0cHM6Ly92aS5ob3RlbHMuY29tL0hvdGVsLVNlYXJjaA%3D%3D&useRewards=false&rm1=a2&regionId=2734&destination=Paris%2C+France&destType=MARKET&neighborhoodId=553248635212955967&latLong=48.853564%2C2.348095&sort=RECOMMENDED&top_dp=5029752&top_cur=VND&userIntent=&selectedRoomType=201752210&selectedRatePlan=209166130&expediaPropertyId=16520004&searchId=e15b7d63-cb4a-4b10-a6cd-f0154b74e396,2025-08-27T04:49:26.2208452Z,2025-08-27T04:49:32.8863416Z,ok,6.665215,0,30
HtmlDownloader,vi.hotels.com,https://vi.hotels.com/en/ho3621122656/makom-saint-honore/?chkin=2025-06-22&chkout=2025-06-30&x_pwa=1&rfrr=HSR&pwa_ts=1747042198114&referrerUrl=aHR0cHM6Ly92aS5ob3RlbHMuY29tL0hvdGVsLVNlYXJjaA%3D%3D&useRewards=false&rm1=a2&regionId=2734&destination=Paris%2C+France&destType=MARKET&neighborhoodId=553248635212953516&latLong=48.853564%2C2.348095&sort=RECOMMENDED&top_dp=6908961&top_cur=VND&userIntent=&selectedRoomType=326141704&selectedRatePlan=400820872&expediaPropertyId=113128833&searchId=e15b7d63-cb4a-4b10-a6cd-f0154b74e396,2025-08-27T04:49:32.8973373Z,2025-08-27T04:49:39.0238781Z,ok,6.1256742,0,30
HtmlDownloader,vi.hotels.com,https://vi.hotels.com/en/ho3621079648/?chkin=2025-06-22&chkout=2025-06-30&x_pwa=1&rfrr=HSR&pwa_ts=1747042198116&referrerUrl=aHR0cHM6Ly92aS5ob3RlbHMuY29tL0hvdGVsLVNlYXJjaA%3D%3D&useRewards=false&rm1=a2&regionId=2734&destination=Paris%2C+France&destType=MARKET&neighborhoodId=553248635212953169&latLong=48.853564%2C2.348095&sort=RECOMMENDED&top_dp=6385962&top_cur=VND&userIntent=&selectedRoomType=326141529&selectedRatePlan=400445723&expediaPropertyId=113127489&searchId=e15b7d63-cb4a-4b10-a6cd-f0154b74e396,2025-08-27T04:49:39.0328770Z,2025-08-27T04:49:45.1442858Z,ok,6.1118466,0,30
HtmlDownloader,vi.hotels.com,https://vi.hotels.com/en/ho194081/villa-montparnasse-paris-france/?chkin=2025-06-22&chkout=2025-06-30&x_pwa=1&rfrr=HSR&pwa_ts=1747042198119&referrerUrl=aHR0cHM6Ly92aS5ob3RlbHMuY29tL0hvdGVsLVNlYXJjaA%3D%3D&useRewards=false&rm1=a2&regionId=2734&destination=Paris%2C+France&destType=MARKET&neighborhoodId=178673&latLong=48.853564%2C2.348095&trackingData=AAAAAQAAAAEAAAAQQArHt99wJLWmwFkLWJhF8rEBEubOetoNsuIf1i1bcbHr6tVDtRecCCuULOnvIDzX0Jbx_1cSyAlyMOhAf7vcd6eTkl8phBirganZqLnNXji1KPxdKDnx289xmihP65C0KuB9JmYFZt1ZCT902eOI6wJKS3hCWra9TFxQiglWAklGtWkrIx_94s3SshxbhC4XHBbhaM18p4367YKlrga2PzEn2ty_WKaoknrlsOclswYkDG686b8Rp-czN3PC4EBrW6YPV0ELh3hLgzWwU5bCmGxuFKxEQIdcGw9qEyCuy9442WKg1dFjG-b1ArNZTHwFXJ86ghMaN2VIsTHhQ_bpdmgvJVKSYR8JYhS0NyV6NBpTjV9Qg2kE17_D5FLcJfHKx1s-61URpqYRVSBWgVJ0IJtrv5yGNr04n3cWXvct6c402GNZPChMQ8SCBUF3ipIqlu93xsz0MjNqEwGsWbxBe9_t5ivE3bk45HO_zkkh3OrpvS1AFhKFht13bEbQUO7sQzN85-avFWs5SgFYkRGmi-ksxZOXi1Gs2T4kb6mYEuqbEP_e1VNGliMY27x7XK9QjBPxnbtjFPyt2MDzrzrrIvgqq0r2JCGiVLptCvBJfGyhw2fwrdfmZ4eKlpUAlwxSHoDTiAQmPokhDatCATQeawfqHxiTZb3NronqQMstvx-WJoPLvJBfhw2dF2BPDBc6RCyWSD6JX4jKCU6JJ4gYadm154rtaLfkYIz4a-Izb48ObTYJ4fMeGD6lBUo95fIYulzE9QZ8ZUBLLezyqMn-7-SBtdOfJKN0B3dkFy1MZfKKgi-qYKIa_LZejbrdD5Y8HcQKosNkaP4DlgKl3nuunC8jw2OY4b0E5g-QpFWuoid0WciOiIEEC2iwKzcYK9lNJ7Bw3_Xhz9j5abg_RD_-9cvEyVbGBC_kyYnGB6oBJy7yqLzvYvS4TjB2FCPR4QTJhozXn0pfAgBFT6MRrMTWqKl1V68g6Ic8oB2SRUFH-zY8QLUWLUffmiq6bkeC50pghY4Ub4Ukd0jZontnPsNsEEIDUIVDMT4TT9uh2Rfasq7r9nu1vVto2prhBSugxcpkTcsnFDxTrMXBxD10tLaTJ3YX_1KKw-PC0pn5lH9_SqsbG_Ec7pw8cU5SLHWAI91iDPpJ-3Bt9imyNMWumJksTiRYyWhcRXgIkHlo9U3w8dHcWfNLJRA21L_1fmtBBzwhTvP4GWromZdfTHCb3FVmuSJiHcsvn-LgJOeqtP1OaRwzzXJxJDDoIgy-_5c4D2HodHcQgOfAXMGkkTpE0Nh8l6shyJmLO3bUDQdRPAUb2JDd-Zb8KGQV1V1d4LAJIlMR_d6bMYHytFCMmug4Fz-oHA%3D%3D&rank=3&testVersionOverride=Buttercup%2C39483.0.0%2C50028.0.0%2C50813.0.0%2C51642.0.0%2C51690.0.0%2C52131.0.0%2C54709.194717.1%2C59134.0.0%2C50988.158353.0%2C60140.211636.0%2C54072.0.0%2C57292.222105.0&slots=&position=6&beaconIssued=&sort=RECOMMENDED&top_dp=6980581&top_cur=VND&userIntent=&selectedRoomType=4440&selectedRatePlan=394964443&expediaPropertyId=584868&searchId=e15b7d63-cb4a-4b10-a6cd-f0154b74e396,2025-08-27T04:49:45.1563057Z,2025-08-27T04:49:51.3098609Z,ok,6.1534041,0,30
HtmlDownloader,vi.hotels.com,https://vi.hotels.com/en/ho135744/pavillon-louvre-rivoli-paris-france/?chkin=2025-06-22&chkout=2025-06-30&x_pwa=1&rfrr=HSR&pwa_ts=1747042198121&referrerUrl=aHR0cHM6Ly92aS5ob3RlbHMuY29tL0hvdGVsLVNlYXJjaA%3D%3D&useRewards=false&rm1=a2&regionId=2734&destination=Paris%2C+France&destType=MARKET&neighborhoodId=553248635212958333&latLong=48.853564%2C2.348095&trackingData=AAAAAQAAAAEAAAAQDgiCqSISe-lFD8QheNhOEmNzIpGZU4xENp6l5flm6sDXxqnrYS9iTDXX6rn3m94oeGgQy_-cAqc1YxyPyQLjMUt8YGYGgA8Os7dd7QygJN10QqzwRGZVYVZoxcU5pSJq9RDp96es0vI37QgG7htNK-y1F8zGHyBzQKoTs4rKUnnmMfpmBOtbQwbh92GXYyOqhW4P5PvCR4UFFwtzi66Xqbms-3DW-66m98-f7nn-mzCs-DrFwwQtufwjYPjh2IRIJ7vAkGTwq35Q1Uj8SNuzXPS-oSexpsy-QQk7VnJy4kp6gA8abqYch2VL68DEpzL8ARZepFwLPp20Cmih1XFzDOvCJDyvbXOHR3_rcsX-fIl7h309PqxREzqhH9xS6btXOmVjI7BpagQhRfOHYK7dECDaNqQZebTK6rKkPddHgNndxU1OyElme47srrVpmayRfp9osE4Eesc2VNbTLx7_-Sk4wvgsDoprhCb8dyOvwCc6IIdGEqwOg1mgrxP60wqGUDkJ5rqaPsmj8GUEh2y5EP8NOpBB2uMFKt3InwUMwl4eAUug7xDbreqkORCzxgRF0kIvxQx-tDjyJgq-y70YXuj8f38XY_1CqqxUVdf6UrGMUM3sleFsDOeuo2u52vV2ON5oUcsy_yc33SxM88OMKwud0GGfVGOhXNL9BtI3W_FMr_NYcXrX46YPRssKLY9DCauqhlvFL_nAZahA8MdUfRUfz9R908_Ziq4U3i0Ggk4NIbhFT48JjMGI_8Qm6TOFyeOCma8NEBoUAMRHXhi7EL1Wd_3GMA6Iz8RqLvnLXs2jXLxjIheOJxOwS_t8ZUOeWJJguzTBpwK8gBwYqIdL4q9JRHKpn25Jlkp--DcB8hS4zPy8exJeRkR7vji3GAE39eOf3--yeSiPjWJWWQuwbtkA_QDlRIPHZ8yrQsmiqXsL8bH6Ez8OduhO3Be_G2YFORqu8qJs779ASEWT88tz_0qzPMtmMudmrbdxc4ncJqy49lbRIFN2oRPG5-HmTekRNR6H62tOxp-dVaBnDLUwuGDI756erEfoj9QtCpYdt5sQigbp_kaW0YZOuxR0ze0cCgN9VMwALWxL0Xo_whFwJ5tGcdMqX0zNkh7fXR55KPPAYW7aZWUImwxUN6I3RJabzHQdB8uNZWruZJkrtMMT1s95_N1z_y2bFBgF3CqmwcoDKh1-TfFCCGJLlLtuznEyHmsS7dBo9mqbtgbY5UzFhxfndCd-fySseTcETxI4Qre0aZIXnrF0bNSf3e-i8_SluLALx1BMakhFw1KnCweNXmBJD4ybORh3oikRVaDubunchhEPjH3rg6SFS2SaRAesnpvFDH_bNnCHvJ35E4-amg%3D%3D&rank=4&testVersionOverride=Buttercup%2C39483.0.0%2C50028.0.0%2C50813.0.0%2C51642.0.0%2C51690.0.0%2C52131.0.0%2C54709.194717.1%2C59134.0.0%2C50988.158353.0%2C60140.211636.0%2C54072.0.0%2C57292.222105.0&slots=&position=7&beaconIssued=&sort=RECOMMENDED&top_dp=10067357&top_cur=VND&userIntent=&selectedRoomType=2254&selectedRatePlan=175694297%3A%3A1&expediaPropertyId=600218&searchId=e15b7d63-cb4a-4b10-a6cd-f0154b74e396,2025-08-27T04:49:51.3208368Z,2025-08-27T04:49:57.4684304Z,ok,6.1475919,0,30
HtmlDownloader,vi.hotels.com,https://vi.hotels.com/en/ho743046208/odalys-city-paris-montmartre-paris-france/?chkin=2025-06-22&chkout=2025-06-30&x_pwa=1&rfrr=HSR&pwa_ts=1747042198124&referrerUrl=aHR0cHM6Ly92aS5ob3RlbHMuY29tL0hvdGVsLVNlYXJjaA%3D%3D&useRewards=false&rm1=a2&regionId=2734&destination=Paris%2C+France&destType=MARKET&neighborhoodId=178676&latLong=48.853564%2C2.348095&sort=RECOMMENDED&top_dp=5432730&top_cur=VND&userIntent=&selectedRoomType=315813851&selectedRatePlan=394343716&expediaPropertyId=23188944&searchId=e15b7d63-cb4a-4b10-a6cd-f0154b74e396,2025-08-27T04:49:57.4874191Z,2025-08-27T04:50:03.6345419Z,ok,6.1471003,0,30
HtmlDownloader,vi.hotels.com,https://vi.hotels.com/en/ho3052181536/edgar-suites-montmartre-paul-albert-paris-france/?chkin=2025-06-22&chkout=2025-06-30&x_pwa=1&rfrr=HSR&pwa_ts=1747042198126&referrerUrl=aHR0cHM6Ly92aS5ob3RlbHMuY29tL0hvdGVsLVNlYXJjaA%3D%3D&useRewards=false&rm1=a2&regionId=2734&destination=Paris%2C+France&destType=MARKET&neighborhoodId=178676&latLong=48.853564%2C2.348095&sort=RECOMMENDED&top_dp=6796711&top_cur=VND&userIntent=&selectedRoomType=322505851&selectedRatePlan=394218990&expediaPropertyId=95349423&searchId=e15b7d63-cb4a-4b10-a6cd-f0154b74e396,2025-08-27T04:50:03.6445442Z,2025-08-27T04:50:10.1630034Z,ok,6.5185627,0,30
HtmlDownloader,vi.hotels.com,https://vi.hotels.com/en/ho3561616832/elegant-studio-2p-rue-saint-honore/?chkin=2025-06-22&chkout=2025-06-30&x_pwa=1&rfrr=HSR&pwa_ts=1747042198128&referrerUrl=aHR0cHM6Ly92aS5ob3RlbHMuY29tL0hvdGVsLVNlYXJjaA%3D%3D&useRewards=false&rm1=a2&regionId=2734&destination=Paris%2C+France&destType=MARKET&neighborhoodId=553248635212953914&latLong=48.853564%2C2.348095&sort=RECOMMENDED&top_dp=16929821&top_cur=VND&userIntent=&selectedRoomType=325795180&selectedRatePlan=399301229&expediaPropertyId=111269276&searchId=e15b7d63-cb4a-4b10-a6cd-f0154b74e396,2025-08-27T04:50:10.1729625Z,2025-08-27T04:50:16.3121678Z,ok,6.1389082,0,30
HtmlDownloader,www.booking.com,https://www.booking.com/hotel/vn/1945s-apartment-river-view.html?label=gen173nr-10CAEoggI46AdIM1gEaPQBiAEBmAEzuAEXyAEM2AED6AEB-AEBiAIBqAIBuALsnaHFBsACAdICJDU4YTNlMmQ2LTIwNWItNDcxMi05MmU2LWE5NjM4OTUwNTUxMdgCAeACAQ&aid=304142&ucfs=1&arphpl=1&dest_id=-3730078&dest_type=city&group_adults=2&req_adults=2&no_rooms=1&group_children=0&req_children=0&hpos=1&hapos=1&sr_order=popularity&srpvid=2a26524453f106c8&srepoch=1755863502&from=searchresults,2025-08-27T04:50:16.3251267Z,2025-08-27T04:50:22.5682558Z,ok,6.2437242,0,30
HtmlDownloader,www.booking.com,https://www.booking.com/hotel/vn/song-anh.html?label=gen173nr-10CAEoggI46AdIM1gEaPQBiAEBmAEzuAEXyAEM2AED6AEB-AEBiAIBqAIBuALsnaHFBsACAdICJDU4YTNlMmQ2LTIwNWItNDcxMi05MmU2LWE5NjM4OTUwNTUxMdgCAeACAQ&aid=304142&ucfs=1&arphpl=1&dest_id=-3730078&dest_type=city&group_adults=2&req_adults=2&no_rooms=1&group_children=0&req_children=0&hpos=2&hapos=2&sr_order=popularity&srpvid=2a26524453f106c8&srepoch=1755863502&from=searchresults,2025-08-27T04:50:22.5802175Z,2025-08-27T04:50:28.8368309Z,ok,6.2568914,0,30
HtmlDownloader,www.booking.com,https://www.booking.com/hotel/vn/saigon-memories-free-city-walk-experience-amazing-infinity-pool-amp-free-4g-sim.html?label=gen173nr-10CAEoggI46AdIM1gEaPQBiAEBmAEzuAEXyAEM2AED6AEB-AEBiAIBqAIBuALsnaHFBsACAdICJDU4YTNlMmQ2LTIwNWItNDcxMi05MmU2LWE5NjM4OTUwNTUxMdgCAeACAQ&aid=304142&ucfs=1&arphpl=1&dest_id=-3730078&dest_type=city&group_adults=2&req_adults=2&no_rooms=1&group_children=0&req_children=0&hpos=3&hapos=3&sr_order=popularity&srpvid=2a26524453f106c8&srepoch=1755863502&from=searchresults,2025-08-27T04:50:28.8477960Z,2025-08-27T04:50:35.0868472Z,ok,6.2390115,0,30
HtmlDownloader,www.booking.com,https://www.booking.com/hotel/vn/tuyet-lucky-apartments.html?label=gen173nr-10CAEoggI46AdIM1gEaPQBiAEBmAEzuAEXyAEM2AED6AEB-AEBiAIBqAIBuALsnaHFBsACAdICJDU4YTNlMmQ2LTIwNWItNDcxMi05MmU2LWE5NjM4OTUwNTUxMdgCAeACAQ&aid=304142&ucfs=1&arphpl=1&dest_id=-3730078&dest_type=city&group_adults=2&req_adults=2&no_rooms=1&group_children=0&req_children=0&hpos=4&hapos=4&sr_order=popularity&srpvid=2a26524453f106c8&srepoch=1755863502&from=searchresults,2025-08-27T04:50:35.0968430Z,2025-08-27T04:50:41.3338792Z,ok,6.2373144,0,30
HtmlDownloader,www.booking.com,https://www.booking.com/hotel/vn/hephaestus-signature.html?label=gen173nr-10CAEoggI46AdIM1gEaPQBiAEBmAEzuAEXyAEM2AED6AEB-AEBiAIBqAIBuALsnaHFBsACAdICJDU4YTNlMmQ2LTIwNWItNDcxMi05MmU2LWE5NjM4OTUwNTUxMdgCAeACAQ&aid=304142&ucfs=1&arphpl=1&dest_id=-3730078&dest_type=city&group_adults=2&req_adults=2&no_rooms=1&group_children=0&req_children=0&hpos=5&hapos=5&sr_order=popularity&srpvid=2a26524453f106c8&srepoch=1755863502&from=searchresults,2025-08-27T04:50:41.3448751Z,2025-08-27T04:50:47.5767704Z,ok,6.2311044,0,30
HtmlDownloader,www.booking.com,https://www.booking.com/hotel/vn/mark-apartment-millennium-masteri.html?label=gen173nr-10CAEoggI46AdIM1gEaPQBiAEBmAEzuAEXyAEM2AED6AEB-AEBiAIBqAIBuALsnaHFBsACAdICJDU4YTNlMmQ2LTIwNWItNDcxMi05MmU2LWE5NjM4OTUwNTUxMdgCAeACAQ&aid=304142&ucfs=1&arphpl=1&dest_id=-3730078&dest_type=city&group_adults=2&req_adults=2&no_rooms=1&group_children=0&req_children=0&hpos=6&hapos=6&sr_order=popularity&srpvid=2a26524453f106c8&srepoch=1755863502&from=searchresults,2025-08-27T04:50:47.5867898Z,2025-08-27T04:50:53.8134546Z,ok,6.2259288,0,30
HtmlDownloader,www.booking.com,https://www.booking.com/hotel/vn/soul-station-studio-go-vap.html?label=gen173nr-10CAEoggI46AdIM1gEaPQBiAEBmAEzuAEXyAEM2AED6AEB-AEBiAIBqAIBuALsnaHFBsACAdICJDU4YTNlMmQ2LTIwNWItNDcxMi05MmU2LWE5NjM4OTUwNTUxMdgCAeACAQ&aid=304142&ucfs=1&arphpl=1&dest_id=-3730078&dest_type=city&group_adults=2&req_adults=2&no_rooms=1&group_children=0&req_children=0&hpos=7&hapos=7&sr_order=popularity&srpvid=2a26524453f106c8&srepoch=1755863502&from=searchresults,2025-08-27T04:50:53.8244352Z,2025-08-27T04:51:00.0236413Z,ok,6.1993136,0,30
HtmlDownloader,www.booking.com,https://www.booking.com/hotel/vn/lovely-saigon-apartment.html?label=gen173nr-10CAEoggI46AdIM1gEaPQBiAEBmAEzuAEXyAEM2AED6AEB-AEBiAIBqAIBuALsnaHFBsACAdICJDU4YTNlMmQ2LTIwNWItNDcxMi05MmU2LWE5NjM4OTUwNTUxMdgCAeACAQ&aid=304142&ucfs=1&arphpl=1&dest_id=-3730078&dest_type=city&group_adults=2&req_adults=2&no_rooms=1&group_children=0&req_children=0&hpos=8&hapos=8&sr_order=popularity&srpvid=2a26524453f106c8&srepoch=1755863502&from=searchresults,2025-08-27T04:51:00.0346133Z,2025-08-27T04:51:06.2749288Z,ok,6.2399137,0,30
HtmlDownloader,www.booking.com,https://www.booking.com/hotel/vn/stay-with-me-millenium.html?label=gen173nr-10CAEoggI46AdIM1gEaPQBiAEBmAEzuAEXyAEM2AED6AEB-AEBiAIBqAIBuALsnaHFBsACAdICJDU4YTNlMmQ2LTIwNWItNDcxMi05MmU2LWE5NjM4OTUwNTUxMdgCAeACAQ&aid=304142&ucfs=1&arphpl=1&dest_id=-3730078&dest_type=city&group_adults=2&req_adults=2&no_rooms=1&group_children=0&req_children=0&hpos=9&hapos=9&sr_order=popularity&srpvid=2a26524453f106c8&srepoch=1755863502&from=searchresults,2025-08-27T04:51:06.2849161Z,2025-08-27T04:51:12.5232177Z,ok,6.2375688,0,30
HtmlDownloader,www.booking.com,https://www.booking.com/hotel/vn/grand-du-lac-boutique-saigon-quan-11.html?label=gen173nr-10CAEoggI46AdIM1gEaPQBiAEBmAEzuAEXyAEM2AED6AEB-AEBiAIBqAIBuALsnaHFBsACAdICJDU4YTNlMmQ2LTIwNWItNDcxMi05MmU2LWE5NjM4OTUwNTUxMdgCAeACAQ&aid=304142&ucfs=1&arphpl=1&dest_id=-3730078&dest_type=city&group_adults=2&req_adults=2&no_rooms=1&group_children=0&req_children=0&hpos=10&hapos=10&sr_order=popularity&srpvid=2a26524453f106c8&srepoch=1755863502&from=searchresults,2025-08-27T04:51:12.5332322Z,2025-08-27T04:51:18.7580811Z,ok,6.2248503,0,30
HtmlDownloader,uk.trip.com,https://uk.trip.com/hotels/detail/?cityId=338&hotelId=730520&checkIn=2025-05-13&checkOut=2025-05-14&adult=2&children=0&subStamp=440&crn=1&ages=&travelpurpose=0&curr=GBP&link=title&hoteluniquekey=H4sIAAAAAAAAAOOaxMjFJMEkxMTBKNXOyHFj3bHnzBa_BR0fVomsc-dtdPDcIdf6OrCsxSGAZxKjGCcDCDgEOggag0Cwr4MTE4frDMYZp3U2MoJVekQ77GBkOsHouoBp8c7NSruYgPKHmFg4iiWYTjExXGJiuMXE8IiJ4RUTwycmhl8g2SZmhi5mhknMYDWzmBkWMTNI8ZgZG5lYGKaZpaUYmigIaRyc2H2QzUhpEiOTu9MpRilDcxNzQwNLI2MzE0tTvSSLFKNUt6y05MpCEytmKUY3D8YgNidLRydLiygtLmZ3pwBBzp8L0jf_UnKQAvEUYTwtEM8QxktiTc3TdXfKmCJUwNjAyNzFyCHA6MEYwVjB-IoRpPAHyJcAg56hzS8BAAA&subChannel=&masterhotelid_tracelogid=632481f6fd14&NewTaxDescForAmountshowtype0=F&detailFilters=17%7C1~17~1*80%7C3%7C1~80~3&hotelType=normal&isFirstEnterDetail=T&barcurr=GBP&locale=en-GB&isRightClick=T,2025-08-27T04:51:18.7691109Z,2025-08-27T04:51:24.9546075Z,ok,6.1851586,0,30
HtmlDownloader,uk.trip.com,https://uk.trip.com/hotels/detail/?cityId=338&hotelId=730591&checkIn=2025-05-13&checkOut=2025-05-14&adult=2&children=0&subStamp=440&crn=1&ages=&travelpurpose=0&curr=GBP&link=title&hoteluniquekey=H4sIAAAAAAAAAOM6xsTFJMEkxMTBKLWbiWNiz_T7rBa_BR2_acT0H5o2wcHz-uICW66Xkx0CeAoZwKDEoZExDQTCCh0mMS5i5IQIpzoItr4O3CHnmuSg5MIxe9oUOwF9icVLrhxgUmDUhChJcTCEMSwaBR0hhiQ6eMIYQawcKxglmKJYObZxS7AoOXOcbn0tLCAi8frdZRymxBIyxIkZyJvBeP-0zkZGLpBXJmU57GBkOcHYxriAqavvscUuJpCKQ0ysHA-Auk4xMVxiYrjFxPAIKHABGC6vmBg-AZlvxCRYfoFVNjEzdDEzTGKGqJ_FDFG2iJlBisfM2MjEwjDNLC3F0ERBSOPgxO6DbEZKkxiZ3J1OMUoZmpuYGxpYGhmbmVia6iVZpBilumWlJVcWmlgxSzG6eTAGsTkamhiYGEVpcTG7OwUIcv5ckL75l5KDFIinCONpgXiGMF4Sa2qerrtTxhShAsYGRuYuRg4BRg_GCMYKxleMIIU_QD4HAKahdEPjAQAA&subChannel=&masterhotelid_tracelogid=632481f6fd14&NewTaxDescForAmountshowtype0=F&detailFilters=17%7C1~17~1*80%7C3%7C1~80~3&hotelType=normal&isFirstEnterDetail=T&barcurr=GBP&locale=en-GB&isRightClick=T,2025-08-27T04:51:24.9655928Z,2025-08-27T04:51:31.1375832Z,ok,6.1713823,0,30
HtmlDownloader,uk.trip.com,https://uk.trip.com/hotels/detail/?cityId=10292&hotelId=122428907&checkIn=2025-05-13&checkOut=2025-05-14&adult=2&children=0&subStamp=440&crn=1&ages=&travelpurpose=0&curr=GBP&link=title&hoteluniquekey=H4sIAAAAAAAAAONaxsjFJMEkxMTBKDWbkeNFe_9HViFmQwMjgweMFlvlHQ9_1Yjp16tw8GQAgTM1DgE8kxglOVtfB-6QYw1wEPwGlD5k6uvgxMrxXVWCZQbj690brDYygoVLgxx2MDKdYDRcwDTj6DWrXUwQNYeAdBebBMspJoZLTAy3mBgeMTG8YmL4xMTwC6qiiZmhi5lhEjNE3SxmhkXMDFI8ZsZGJhaGaWZpKYYmCkIaByd2H2QzUprEyOTudIpRytDcxNzQwNLI2MzE0lQvySLFKNUtKy25stDEilmK0c2DMYjNzMXZwsQiSouLOTTYRVB8-0WGe4dkHKSY3Z0CFDl_Lkjf_EvJQQvEM4TxklhT83TdnTKmCBUwNjAydzFyCDB6MEYwVjC-YgQp_AH2LgARm6LiRAEAAA&subChannel=&masterhotelid_tracelogid=632481f6fd14&NewTaxDescForAmountshowtype0=F&detailFilters=17%7C1~17~1*80%7C3%7C1~80~3&hotelType=normal&isFirstEnterDetail=T&barcurr=GBP&locale=en-GB&isRightClick=T,2025-08-27T04:51:31.1485500Z,2025-08-27T04:51:37.3483559Z,ok,6.1996681,0,30
HtmlDownloader,uk.trip.com,https://uk.trip.com/hotels/detail/?cityId=338&hotelId=730568&checkIn=2025-05-13&checkOut=2025-05-14&adult=2&children=0&subStamp=440&crn=1&ages=&travelpurpose=0&curr=GBP&link=title&hoteluniquekey=H4sIAAAAAAAAAOOawcjFJMEkxMTBKNXLyHFnztQHzBa_BR09HlaJrHs10cGTAQQapjoE8ExiFOcE8xSSHATBjAtxDk7MHBMZZzCeOK2zkfHwV42Y_lU5DjsYmU4wTmRcwPR08lSlXUwgFYeYWDk-CkmwnGJiuMTEcIuJ4RETwysmhk9MDL_A8k3MDF3MDJOYIapmMTMsYmaQ4jEzNjKxMEwzS0sxNFEQ0jg4sfsgm5HSJEYmd6dTjFKG5ibmhgaWRsZmJpamekkWKUapbllpyZWFJlbMUoxuHoxBbM6uZsYGblFaXMzuTgGCnD8XpG_-peQgBeIpwnhaIJ4hjJfEmpqn6-6UMUWogLGBkbmLkUOA0YMxgrGC8RUjSOEPkFcBB7BndjUBAAA&subChannel=&masterhotelid_tracelogid=632481f6fd14&NewTaxDescForAmountshowtype0=F&detailFilters=17%7C1~17~1*80%7C3%7C1~80~3&hotelType=normal&isFirstEnterDetail=T&barcurr=GBP&locale=en-GB&isRightClick=T,2025-08-27T04:51:37.3603481Z,2025-08-27T04:51:43.5201242Z,ok,6.159301,0,30
HtmlDownloader,uk.trip.com,https://uk.trip.com/hotels/detail/?cityId=19737&hotelId=2544446&checkIn=2025-05-13&checkOut=2025-05-14&adult=2&children=0&subStamp=440&crn=1&ages=&travelpurpose=0&curr=GBP&link=title&hoteluniquekey=H4sIAAAAAAAAAONaycjFJMEkxMTBKDWPkaPl_c_rrELMhgZGBg8YLbbKO9pyXV9c8LLewTOm_9BXDZZmhwCeSYySnDvkWl8HaoQ6CIKFY4IdnFg5eowkWGYw7ls2m3EFI-NGxjeBQEXVEQ47GJlOMDosYDrT3Gaxiwmi7BCQ7uCQYDnFxHCJieEWE8MjJoZXTAyfmBh-QVU0MTN0MTNMYoaom8XMsIiZQYrHzNjIxMIwzSwtxdBEQUjj4MTug2xGSpMYmdydTjFKGZqbmBsaWBoZm5lYmuolWaQYpbplpSVXFppYMUsxunkwBrEZGxkaulhGaXExhwa7CIpvv8hw75CMgxSzu1OAIufPBembfyk5aIF4hjBeEmtqnq67U8YUoQLGBkbmLkYOAUYPxgjGCsZXjCCFP8A-BgDACSS7RwEAAA&subChannel=&masterhotelid_tracelogid=632481f6fd14&NewTaxDescForAmountshowtype0=F&detailFilters=17%7C1~17~1*80%7C3%7C1~80~3&hotelType=normal&isFirstEnterDetail=T&barcurr=GBP&locale=en-GB&isRightClick=T,2025-08-27T04:51:43.5331255Z,2025-08-27T04:51:49.7080850Z,ok,6.1746468,0,30
HtmlDownloader,uk.trip.com,https://uk.trip.com/hotels/detail/?cityId=338&hotelId=2089820&checkIn=2025-05-13&checkOut=2025-05-14&adult=2&children=0&subStamp=440&crn=1&ages=&travelpurpose=0&curr=GBP&link=title&hoteluniquekey=H4sIAAAAAAAAAOOaw8jFJMEkxMTBKDWRkeP8jfd_WYUYjQw4LT4JOj6sElnnnrjJwXNJgS1XON82hwCeSYzinAwgMKPJQRDM2NPg4MTMcZllBuOdY_UbGYE6HlZl9DrsYGQ6wXiZZQHTlDnsu5hACg4xsXLs9ZVgOcXEcImJ4RYTwyMmhldMDJ-YGH6B5ZuYGbqYGSYxQ1TNYmZYxMwgxWNmbGRiYZhmlpZiaKIgpHFwYvdBNiOlSYxM7k6nGKUMzU3MDQ0sjYzNTCxN9ZIsUoxS3bLSkisLTayYpRjdPBiD2EwsHV0MTKK0uJjdnQIEOX8uSN_8S8lBCsRThPG0QDxDGC-JNTVP190pY4pQAWMDI3MXI4cAowdjBGMF4ytGkMIfIJ8CAM10mU05AQAA&subChannel=&masterhotelid_tracelogid=632481f6fd14&NewTaxDescForAmountshowtype0=F&detailFilters=17%7C1~17~1*80%7C3%7C1~80~3&hotelType=normal&isFirstEnterDetail=T&barcurr=GBP&locale=en-GB&isRightClick=T,2025-08-27T04:51:49.7200849Z,2025-08-27T04:51:55.8971555Z,ok,6.1765513,0,30
HtmlDownloader,uk.trip.com,https://uk.trip.com/hotels/detail/?cityId=10287&hotelId=5576754&checkIn=2025-05-13&checkOut=2025-05-14&adult=2&children=0&subStamp=440&crn=1&ages=&travelpurpose=0&curr=GBP&link=title&hoteluniquekey=H4sIAAAAAAAAAOOazcjFJMEkxMTBKDWBkaNz6rQdrEKMRgZz2SzOhzi2vg7cIXe02cGz_9BXjZid7Q4BPJMYxTgZwCDEQXDWTBAIdHBi4giYwbhpwxWmjYxBO-RaXy-Md9jByHSCMWAB053zJzh3MQEVHGJi5djKJcFyionhEhPDLSaGR0wMr5gYPjEx_AJJNzEzdDEzTGKGKJrFzLCImUGKx8zYyMTCMM0sLcXQREFI4-DE7oNsRkqTGJncnU4xShmam5gbGlgaGZuZWJrqJVmkGKW6ZaUlVxaaWDFLMbp5MAaxGQINcHGL0uJidncKEOT8uSB98y8lBykQTxHG0wLxDGG8JNbUPF13p4wpQgWMDYzMXYwcAowejBGMFYyvGEEKf4A9CgDpLViyOQEAAA&subChannel=&masterhotelid_tracelogid=632481f6fd14&NewTaxDescForAmountshowtype0=F&detailFilters=17%7C1~17~1*80%7C3%7C1~80~3&hotelType=normal&isFirstEnterDetail=T&barcurr=GBP&locale=en-GB&isRightClick=T,2025-08-27T04:51:55.9091608Z,2025-08-27T04:52:02.0855626Z,ok,6.1761017,0,30
HtmlDownloader,uk.trip.com,https://uk.trip.com/hotels/detail/?cityId=10292&hotelId=3723506&checkIn=2025-05-13&checkOut=2025-05-14&adult=2&children=0&subStamp=440&crn=1&ages=&travelpurpose=0&curr=GBP&link=title&hoteluniquekey=H4sIAAAAAAAAAONaxsjFJMEkxMTBKDWbkePS7gMPWIWYDQ2MDB4wWmyVd_ymEdN_qL_DwXPWTCBg7XUI4JnEKMnZ-jpwh5xqgoPgDjkgsyPGwYmVY5ePBMsMxk8LHzNuZOw_9FUj5nqiww5GphOMSQuYNr27ybiLCaLmEJB-wC3BcoqJ4RITwy0mhkdMDK-YGD4xMfyCqmhiZuhiZpjEDFE3i5lhETODFI-ZsZGJhWGaWVqKoYmCkMbBid0H2YyUJjEyuTudYpQyNDcxNzSwNDI2M7E01UuySDFKdctKS64sNLFilmJ082AMYjNwNjIyM4jS4mIODXYRFN9-keHeIRkHKWZ3pwBFzp8L0jf_UnLQAvEMYbwk1tQ8XXenjClCBYwNjMxdjBwCjB6MEYwVjK8YQQp_gL0LAFnfh7REAQAA&subChannel=&masterhotelid_tracelogid=632481f6fd14&NewTaxDescForAmountshowtype0=F&detailFilters=17%7C1~17~1*80%7C3%7C1~80~3&hotelType=normal&isFirstEnterDetail=T&barcurr=GBP&locale=en-GB&isRightClick=T,2025-08-27T04:52:02.1005670Z,2025-08-27T04:52:08.2668477Z,ok,6.1661904,0,30
HtmlDownloader,uk.trip.com,https://uk.trip.com/hotels/detail/?cityId=35354&hotelId=104581120&checkIn=2025-05-13&checkOut=2025-05-14&adult=2&children=0&subStamp=440&crn=1&ages=&travelpurpose=0&curr=GBP&link=title&hoteluniquekey=H4sIAAAAAAAAAONaxsjFJMEkxMTBKDWbkWPLm5efWIWYDQ2MDB4wWmyVd3wTuEOu9X-Dg2cQkH7t3OIQwDOJUZIzpv_QV42eMAdBj4dVIuuWhzg4sXJsMpVgmcHYMOG94UZGYxBQjnLYwch0gtFlAdOb7i-Gu5ggag4B6XMcEiynmBguMTHcYmJ4xMTwionhExPDL6iKJmaGLmaGScwQdbOYGRYxM0jxmBkbmVgYppmlpRiaKAhpHJzYfZDNSGkSI5O70ylGKUNzE3NDA0sjYzMTS1O9JIsUo1S3rLTkykITK2YpRjcPxiA2c0NDVwvHKC0u5tBgF0Hx7RcZ7h2ScZBidncKUOT8uSB98y8lBy0QzxDGS2JNzdN1d8qYIlTA2MDI3MXIIcDowRjBWMH4ihGk8AfYuwDroh0oRAEAAA&subChannel=&masterhotelid_tracelogid=632481f6fd14&NewTaxDescForAmountshowtype0=F&detailFilters=17%7C1~17~1*80%7C3%7C1~80~3&hotelType=normal&isFirstEnterDetail=T&barcurr=GBP&locale=en-GB&isRightClick=T,2025-08-27T04:52:08.2798514Z,2025-08-27T04:52:14.4579320Z,ok,6.1772076,0,30
HtmlDownloader,uk.trip.com,https://uk.trip.com/hotels/detail/?cityId=338&hotelId=731925&checkIn=2025-05-13&checkOut=2025-05-14&adult=2&children=0&subStamp=440&crn=1&ages=&travelpurpose=0&curr=GBP&link=title&hoteluniquekey=H4sIAAAAAAAAAONazMjFJMEkxMTBKDWDkWPh892_WYUYjQyeMFqsj3ZMAwGDTgdPruuLC2yt-hwCeCYxSnK-Cdwh11od6SAY03_oq0ZOqIMTK8dFfwmWGYxTr-lsZAQJxqinOOxgZDrBmLaA6d752wq7mCBKDgHpxbwSLKeYGC4xMdxiYnjExPCKieETE8MvqIomZoYuZoZJzBB1s5gZFjEzSPGYGRuZWBimmaWlGJooCGkcnNh9kM1IaRIjk7vTKUYpQ3MTc0MDSyNjMxNLU70kixSjVLestOTKQhMrZilGNw_GIDZjF3NXM5coLS5md6cAQc6fC9I3_1JykALxFGE8LRDPEMZLYk3N03V3ypgiVMDYwMjcxcghwOjBGMFYwfiKEaTwB8i3AGPpv9RAAQAA&subChannel=&masterhotelid_tracelogid=632481f6fd14&NewTaxDescForAmountshowtype0=F&detailFilters=17%7C1~17~1*80%7C3%7C1~80~3&hotelType=normal&isFirstEnterDetail=T&barcurr=GBP&locale=en-GB&isRightClick=T,2025-08-27T04:52:14.4699319Z,2025-08-27T04:52:20.6239488Z,ok,6.1546233,0,30
HtmlDownloader,www.propertyguru.com.sg,https://www.propertyguru.com.sg/listing/hdb-for-sale-631-hougang-avenue-8-25616529,2025-08-27T04:52:20.6359492Z,2025-08-27T04:52:26.8439511Z,ok,6.208039,0,30
HtmlDownloader,www.propertyguru.com.sg,https://www.propertyguru.com.sg/listing/hdb-for-sale-155-rivervale-crescent-25580578,2025-08-27T04:52:26.8559511Z,2025-08-27T04:52:33.0539865Z,ok,6.1984342,0,30
HtmlDownloader,www.propertyguru.com.sg,https://www.propertyguru.com.sg/listing/hdb-for-sale-938-hougang-street-92-25615566,2025-08-27T04:52:33.0659513Z,2025-08-27T04:52:39.2908217Z,ok,6.2253796,0,30
HtmlDownloader,www.propertyguru.com.sg,https://www.propertyguru.com.sg/listing/hdb-for-sale-987a-buangkok-green-25615573,2025-08-27T04:52:39.3027855Z,2025-08-27T04:52:45.5369151Z,ok,6.2342861,0,30
HtmlDownloader,www.propertyguru.com.sg,https://www.propertyguru.com.sg/listing/hdb-for-sale-501-choa-chu-kang-street-51-25440210,2025-08-27T04:52:45.5479439Z,2025-08-27T04:52:51.7507224Z,ok,6.2026693,0,30
HtmlDownloader,www.propertyguru.com.sg,https://www.propertyguru.com.sg/listing/for-sale-best-deal-high-value-gcba-near-botanic-gardens-mrt-25560721,2025-08-27T04:52:51.7647208Z,2025-08-27T04:52:57.9732419Z,ok,6.209128,0,30
HtmlDownloader,www.propertyguru.com.sg,https://www.propertyguru.com.sg/listing/for-sale-ritz-farrer-24738386,2025-08-27T04:52:57.9872046Z,2025-08-27T04:53:04.2188086Z,ok,6.2309153,0,30
HtmlDownloader,www.propertyguru.com.sg,https://www.propertyguru.com.sg/listing/for-sale-ferraria-park-condo-25221255,2025-08-27T04:53:04.2318167Z,2025-08-27T04:53:10.4438281Z,ok,6.2114979,0,30
HtmlDownloader,www.propertyguru.com.sg,https://www.propertyguru.com.sg/listing/hdb-for-sale-36-margaret-drive-25575899,2025-08-27T04:53:10.4558586Z,2025-08-27T04:53:16.6881401Z,ok,6.2323903,0,30
HtmlDownloader,www.propertyguru.com.sg,https://www.propertyguru.com.sg/listing/hdb-for-sale-440b-fernvale-link-25508403,2025-08-27T04:53:16.6991408Z,2025-08-27T04:53:22.9087501Z,ok,6.2095332,0,30
HtmlDownloader,www.realestate.com.au,https://www.realestate.com.au/property-unit-nsw-north+sydney-148041384,2025-08-27T04:53:22.9187416Z,2025-08-27T04:53:28.9473978Z,ok,6.0282427,0,30
HtmlDownloader,www.realestate.com.au,https://www.realestate.com.au/property-unit-nsw-hawks+nest-146207060,2025-08-27T04:53:28.9603846Z,2025-08-27T04:53:34.9834163Z,ok,6.0225309,0,30
HtmlDownloader,www.realestate.com.au,https://www.realestate.com.au/property-acreage+semi-rural-nsw-king+creek-143564764,2025-08-27T04:53:34.9944109Z,2025-08-27T04:53:41.0238197Z,ok,6.0293726,0,30
HtmlDownloader,www.realestate.com.au,https://www.realestate.com.au/property-apartment-nsw-schofields-146900660,2025-08-27T04:53:41.0377330Z,2025-08-27T04:53:47.0730586Z,ok,6.0352487,0,30
HtmlDownloader,www.realestate.com.au,https://www.realestate.com.au/property-apartment-nsw-engadine-147895116,2025-08-27T04:53:47.0869471Z,2025-08-27T04:53:53.1101649Z,ok,6.023057,0,30
HtmlDownloader,www.realestate.com.au,https://www.realestate.com.au/property-house-nsw-box+hill-145300016,2025-08-27T04:53:53.1261797Z,2025-08-27T04:53:59.1402623Z,ok,6.0141658,0,30
HtmlDownloader,www.realestate.com.au,https://www.realestate.com.au/property-apartment-nsw-parramatta-147659244,2025-08-27T04:53:59.1551882Z,2025-08-27T04:54:05.1696203Z,ok,6.0147258,0,30
HtmlDownloader,www.realestate.com.au,https://www.realestate.com.au/property-house-nsw-beaumont+hills-147896668,2025-08-27T04:54:05.1815376Z,2025-08-27T04:54:11.1977506Z,ok,6.0161753,0,30
HtmlDownloader,www.realestate.com.au,https://www.realestate.com.au/property-house-nsw-lansvale-147791112,2025-08-27T04:54:11.2106777Z,2025-08-27T04:54:17.2349806Z,ok,6.0245278,0,30
HtmlDownloader,www.realestate.com.au,https://www.realestate.com.au/property-house-nsw-forest+lodge-148041372,2025-08-27T04:54:17.2659162Z,2025-08-27T04:54:23.2862900Z,ok,6.0209392,0,30
HtmlDownloader,www.realtor.com,https://www.realtor.com/realestateandhomes-detail/8-West-Ln_South-Salem_NY_10590_M44777-43383?from=srp-list-card,2025-08-27T04:54:23.3011826Z,2025-08-27T04:54:29.3422561Z,ok,6.0410984,0,30
HtmlDownloader,www.realtor.com,https://www.realtor.com/realestateandhomes-detail/1136-Franklin-St_Watertown_NY_13601_M41582-10611?from=srp-list-card,2025-08-27T04:54:29.3542439Z,2025-08-27T04:54:35.3989703Z,ok,6.0442601,0,30
HtmlDownloader,www.realtor.com,https://www.realtor.com/realestateandhomes-detail/76-Hudson-Ave_Haverstraw_NY_10927_M32868-36791?from=srp-list-card,2025-08-27T04:54:35.4129320Z,2025-08-27T04:54:41.4424799Z,ok,6.0293859,0,30
HtmlDownloader,www.realtor.com,https://www.realtor.com/realestateandhomes-detail/421-Herkimer-St_Buffalo_NY_14213_M90440-21542?from=srp-list-card,2025-08-27T04:54:41.4524423Z,2025-08-27T04:54:47.4947327Z,ok,6.0423471,0,30
HtmlDownloader,www.realtor.com,https://www.realtor.com/realestateandhomes-detail/Otter-Creek-Trl_Greig_NY_13345_M92322-99539?from=srp-list-card,2025-08-27T04:54:47.5067523Z,2025-08-27T04:54:53.5450446Z,ok,6.0378696,0,30
HtmlDownloader,www.realtor.com,https://www.realtor.com/realestateandhomes-detail/522-Chenango-Hill-Dr_Hamilton_NY_13346_M96519-96886?from=srp-list-card,2025-08-27T04:54:53.5550596Z,2025-08-27T04:54:59.5893733Z,ok,6.0336963,0,30
HtmlDownloader,www.realtor.com,https://www.realtor.com/realestateandhomes-detail/72-Tidewater-Ave_Massapequa_NY_11758_M45976-84752?from=srp-list-card,2025-08-27T04:54:59.6003564Z,2025-08-27T04:55:05.6376939Z,ok,6.0374205,0,30
HtmlDownloader,www.realtor.com,https://www.realtor.com/realestateandhomes-detail/58-Coulon-Dr-Prvt_Parishville_NY_13672_M33011-13497?from=srp-list-card,2025-08-27T04:55:05.6486897Z,2025-08-27T04:55:11.6820828Z,ok,6.0333554,0,30
HtmlDownloader,www.realtor.com,https://www.realtor.com/realestateandhomes-detail/555-Capen-Blvd_Buffalo_NY_14226_M33959-48505?from=srp-list-card,2025-08-27T04:55:11.6930670Z,2025-08-27T04:55:17.7277316Z,ok,6.0342474,0,30
HtmlDownloader,www.realtor.com,https://www.realtor.com/realestateandhomes-detail/760-Brady-Ave-Apt-417_Bronx_NY_10462_M47970-08569?from=srp-list-card,2025-08-27T04:55:17.7367141Z,2025-08-27T04:55:23.7610649Z,ok,6.0241237,0,30
HtmlDownloader,www.rightmove.co.uk,https://www.rightmove.co.uk/properties/160088690#/?channel=RES_BUY,2025-08-27T04:55:23.7710343Z,2025-08-27T04:55:29.8679067Z,ok,6.097312,0,30
HtmlDownloader,www.rightmove.co.uk,https://www.rightmove.co.uk/properties/160137515#/?channel=RES_BUY,2025-08-27T04:55:29.8759092Z,2025-08-27T04:55:35.9812838Z,ok,6.1048017,0,30
HtmlDownloader,www.rightmove.co.uk,https://www.rightmove.co.uk/properties/161075213#/?channel=RES_BUY,2025-08-27T04:55:35.9892834Z,2025-08-27T04:55:42.1446553Z,ok,6.1553506,0,30
HtmlDownloader,www.rightmove.co.uk,https://www.rightmove.co.uk/properties/157014905#/?channel=RES_BUY,2025-08-27T04:55:42.1526686Z,2025-08-27T04:55:48.2673758Z,ok,6.1146726,0,30
HtmlDownloader,www.rightmove.co.uk,https://www.rightmove.co.uk/properties/157810892#/?channel=RES_BUY,2025-08-27T04:55:48.2783414Z,2025-08-27T04:55:54.3970018Z,ok,6.1183527,0,30
HtmlDownloader,www.rightmove.co.uk,https://www.rightmove.co.uk/properties/159024167#/?channel=RES_BUY,2025-08-27T04:55:54.4070132Z,2025-08-27T04:56:00.4889707Z,ok,6.0819191,0,30
HtmlDownloader,www.rightmove.co.uk,https://www.rightmove.co.uk/properties/157808378#/?channel=RES_BUY,2025-08-27T04:56:00.4959644Z,2025-08-27T04:56:06.5943745Z,ok,6.0981754,0,30
HtmlDownloader,www.rightmove.co.uk,https://www.rightmove.co.uk/properties/144015530#/?channel=RES_BUY,2025-08-27T04:56:06.6023395Z,2025-08-27T04:56:12.7235135Z,ok,6.1212945,0,30
HtmlDownloader,www.rightmove.co.uk,https://www.rightmove.co.uk/properties/152041715#/?channel=RES_BUY,2025-08-27T04:56:12.7295065Z,2025-08-27T04:56:18.8501522Z,ok,6.1203617,0,30
HtmlDownloader,www.rightmove.co.uk,https://www.rightmove.co.uk/properties/144832574#/?channel=RES_BUY,2025-08-27T04:56:18.8601395Z,2025-08-27T04:56:24.9682832Z,ok,6.1085597,0,30
HtmlDownloader,www.zillow.com,https://www.zillow.com/homedetails/33275-Westbrooke-Cir-Avon-Lake-OH-44012/104341132_zpid/,2025-08-27T04:56:24.9752846Z,2025-08-27T04:56:31.7334761Z,ok,6.7578512,0,30
HtmlDownloader,www.zillow.com,https://www.zillow.com/homedetails/255-Partridge-Bnd-Powell-OH-43065/33735185_zpid/,2025-08-27T04:56:31.7414764Z,2025-08-27T04:56:37.7783396Z,ok,6.0372963,0,30
HtmlDownloader,www.zillow.com,https://www.zillow.com/homedetails/1560-Deer-Crossing-Ln-Columbus-OH-43085/63487595_zpid/,2025-08-27T04:56:37.7861372Z,2025-08-27T04:56:43.9855073Z,ok,6.1989709,0,30
HtmlDownloader,www.zillow.com,https://www.zillow.com/homedetails/3743-Andrew-Ave-Cincinnati-OH-45209/34210759_zpid/,2025-08-27T04:56:43.9955021Z,2025-08-27T04:56:50.1951434Z,ok,6.2000607,0,30
HtmlDownloader,www.zillow.com,https://www.zillow.com/homedetails/18201-N-Park-Blvd-Shaker-Heights-OH-44118/33684926_zpid/,2025-08-27T04:56:50.2011438Z,2025-08-27T04:56:56.4451836Z,ok,6.2439317,0,30
HtmlDownloader,www.zillow.com,https://www.zillow.com/homedetails/13441-Graham-Rd-SW-Pataskala-OH-43062/448739576_zpid/,2025-08-27T04:56:56.4511476Z,2025-08-27T04:57:02.6302853Z,ok,6.1784314,0,30
HtmlDownloader,www.zillow.com,https://www.zillow.com/homedetails/135-Mackenzie-Dr-Pickerington-OH-43147/33807108_zpid/,2025-08-27T04:57:02.6363146Z,2025-08-27T04:57:08.9057609Z,ok,6.2697759,0,30
HtmlDownloader,www.zillow.com,https://www.zillow.com/homedetails/385-Taylor-Blair-Rd-West-Jefferson-OH-43162/75092792_zpid/,2025-08-27T04:57:08.9137257Z,2025-08-27T04:57:15.0895753Z,ok,6.1764651,0,30
HtmlDownloader,www.zillow.com,https://www.zillow.com/homedetails/12331-Rockhaven-Rd-Chesterland-OH-44026/34148788_zpid/,2025-08-27T04:57:15.0955745Z,2025-08-27T04:57:21.2659239Z,ok,6.170475,0,30
HtmlDownloader,www.zillow.com,https://www.zillow.com/homedetails/1689-Bay-Laurel-Dr-Marysville-OH-43040/35598736_zpid/,2025-08-27T04:57:21.2778831Z,2025-08-27T04:57:27.4559603Z,ok,6.1772606,0,30
HtmlDownloader,www.getyourguide.com,https://www.getyourguide.com/cairo-l92/cairo-pyramids-great-sphinx-private-tour-with-camel-ride-t459032/?ranking_uuid=88350680-1cab-43e6-942b-081e30e21d8b,2025-08-27T04:57:27.4619934Z,2025-08-27T04:57:33.5742964Z,ok,6.1116601,0,30
HtmlDownloader,www.getyourguide.com,https://www.getyourguide.com/cairo-l92/from-cairodinner-cruise-on-the-nile-river-with-entertainmet-t474376/?ranking_uuid=88350680-1cab-43e6-942b-081e30e21d8b,2025-08-27T04:57:33.5802970Z,2025-08-27T04:57:39.6933562Z,ok,6.1127288,0,30
HtmlDownloader,www.getyourguide.com,https://www.getyourguide.com/hurghada-l403/from-hurghada-cairo-and-giza-highlights-full-day-tour-t686648/?ranking_uuid=88350680-1cab-43e6-942b-081e30e21d8b,2025-08-27T04:57:39.7003889Z,2025-08-27T04:57:45.8076010Z,ok,6.10689,0,30
HtmlDownloader,www.getyourguide.com,https://www.getyourguide.com/cairo-l92/giza-sunrise-pyramids-and-sphinx-tour-with-camel-ride-t761664/?ranking_uuid=88350680-1cab-43e6-942b-081e30e21d8b,2025-08-27T04:57:45.8136014Z,2025-08-27T04:57:51.9218125Z,ok,6.1081385,0,30
HtmlDownloader,www.getyourguide.com,https://www.getyourguide.com/cairo-l92/cairo-guided-tour-with-opera-house-t985801/?ranking_uuid=0085b36c-1ff9-4748-9003-db8ce2b85750,2025-08-27T04:57:51.9288123Z,2025-08-27T04:57:58.0383838Z,ok,6.1101855,0,30
HtmlDownloader,www.getyourguide.com,https://www.getyourguide.com/cairo-l92/cairo-shopping-tour-t443722/?ranking_uuid=07761eaa-87f3-4c57-bb4f-785872b3f7db,2025-08-27T04:57:58.0453671Z,2025-08-27T04:58:04.1487268Z,ok,6.1039134,0,30
HtmlDownloader,www.getyourguide.com,https://www.getyourguide.com/great-pyramid-of-giza-l8348/from-cairo-half-day-tour-to-pyramids-of-giza-and-the-sphinx-t281882/?ranking_uuid=07761eaa-87f3-4c57-bb4f-785872b3f7db,2025-08-27T04:58:04.1557279Z,2025-08-27T04:58:10.2688363Z,ok,6.1133038,0,30
HtmlDownloader,www.getyourguide.com,https://www.getyourguide.com/cairo-l92/from-cairo-desert-safari-camel-ride-magic-lake-lunch-t362905/?ranking_uuid=07761eaa-87f3-4c57-bb4f-785872b3f7db,2025-08-27T04:58:10.2778534Z,2025-08-27T04:58:16.3867405Z,ok,6.1081684,0,30
HtmlDownloader,www.getyourguide.com,https://www.getyourguide.com/giza-l915/grand-egyptian-museum-with-hotel-pickup-t599797/?ranking_uuid=07761eaa-87f3-4c57-bb4f-785872b3f7db,2025-08-27T04:58:16.3927146Z,2025-08-27T04:58:22.5105566Z,ok,6.1184666,0,30
HtmlDownloader,www.getyourguide.com,https://www.getyourguide.com/cairo-l92/cairo-grand-egyptian-museum-pyramids-sphinx-tour-lunch-t851104/?ranking_uuid=07761eaa-87f3-4c57-bb4f-785872b3f7db,2025-08-27T04:58:22.5175558Z,2025-08-27T04:58:28.6117076Z,ok,6.0940041,0,30
HtmlDownloader,www.klook.com,https://www.klook.com/activity/8406-moulin-rouge-show-dinner-city-bus-tour-paris/,2025-08-27T04:58:28.6177081Z,2025-08-27T04:58:34.6503444Z,ok,6.0328252,0,30
HtmlDownloader,www.klook.com,https://www.klook.com/activity/3312-palace-of-versailles-guided-tour-paris/,2025-08-27T04:58:34.6623027Z,2025-08-27T04:58:40.6785815Z,ok,6.0167227,0,30
HtmlDownloader,www.klook.com,https://www.klook.com/activity/17463-chateau-versailles-tickets-paris/,2025-08-27T04:58:40.6885037Z,2025-08-27T04:58:46.6979503Z,ok,6.0093861,0,30
HtmlDownloader,www.klook.com,https://www.klook.com/activity/87152-paris-hop-on-hop-off-bus-tour/,2025-08-27T04:58:46.7068738Z,2025-08-27T04:58:52.7265381Z,ok,6.0191757,0,30
HtmlDownloader,www.klook.com,https://www.klook.com/activity/9860-france-first-class-eurail-pass/,2025-08-27T04:58:52.7323921Z,2025-08-27T04:58:58.7563054Z,ok,6.0237801,0,30
HtmlDownloader,www.klook.com,https://www.klook.com/activity/107558-join-seine-river-cruise-lunch-dinner-paris/,2025-08-27T04:58:58.7631207Z,2025-08-27T04:59:04.7851511Z,ok,6.0228771,0,30
HtmlDownloader,www.klook.com,https://www.klook.com/activity/18008-seine-river-sightseeing-combo-experience-paris/,2025-08-27T04:59:04.7960642Z,2025-08-27T04:59:10.8104011Z,ok,6.0144035,0,30
HtmlDownloader,www.klook.com,https://www.klook.com/activity/3301-louvre-museum-skip-the-line-guided-tour-paris/,2025-08-27T04:59:10.8162123Z,2025-08-27T04:59:16.8542927Z,ok,6.0379073,0,30
HtmlDownloader,www.klook.com,https://www.klook.com/activity/55267-eiffel-tower-elevator-tour/,2025-08-27T04:59:16.8642445Z,2025-08-27T04:59:22.8778473Z,ok,6.0142425,0,30
HtmlDownloader,www.klook.com,https://www.klook.com/activity/13513-arc-de-triomphe-ticket/,2025-08-27T04:59:22.8877705Z,2025-08-27T04:59:28.9146371Z,ok,6.0266471,0,30
HtmlDownloader,www.tourradar.com,https://www.tourradar.com/t/128876,2025-08-27T04:59:28.9375723Z,2025-08-27T04:59:35.0483913Z,ok,6.110404,0,30
HtmlDownloader,www.tourradar.com,https://www.tourradar.com/t/69752,2025-08-27T04:59:35.0533922Z,2025-08-27T04:59:41.1239268Z,ok,6.0703085,0,30
HtmlDownloader,www.tourradar.com,https://www.tourradar.com/t/124987,2025-08-27T04:59:41.1298977Z,2025-08-27T04:59:47.1972069Z,ok,6.0671027,0,30
HtmlDownloader,www.tourradar.com,https://www.tourradar.com/t/14263,2025-08-27T04:59:47.2032084Z,2025-08-27T04:59:53.3323563Z,ok,6.1294038,0,30
HtmlDownloader,www.tourradar.com,https://www.tourradar.com/t/240696,2025-08-27T04:59:53.3383561Z,2025-08-27T04:59:59.4194658Z,ok,6.080491,0,30
HtmlDownloader,www.tourradar.com,https://www.tourradar.com/t/128874,2025-08-27T04:59:59.4274897Z,2025-08-27T05:00:05.5119739Z,ok,6.0840345,0,30
HtmlDownloader,www.tourradar.com,https://www.tourradar.com/t/227476,2025-08-27T05:00:05.5179712Z,2025-08-27T05:00:11.6022579Z,ok,6.0844705,0,30
HtmlDownloader,www.tourradar.com,https://www.tourradar.com/t/280454,2025-08-27T05:00:11.6082143Z,2025-08-27T05:00:17.7059423Z,ok,6.0981951,0,30
HtmlDownloader,www.tourradar.com,https://www.tourradar.com/t/202947,2025-08-27T05:00:17.7119060Z,2025-08-27T05:00:23.7981809Z,ok,6.0863243,0,30
HtmlDownloader,www.tourradar.com,https://www.tourradar.com/t/157871,2025-08-27T05:00:23.8061725Z,2025-08-27T05:00:29.8974835Z,ok,6.0910541,0,30
HtmlDownloader,www.traveloka.com,https://www.traveloka.com/en-vn/activities/vietnam/product/the-amazing-bay-water-park-tickets-7369264504118,2025-08-27T05:00:29.9034869Z,2025-08-27T05:00:36.1325433Z,ok,6.2293754,0,30
HtmlDownloader,www.traveloka.com,https://www.traveloka.com/en-vn/activities/vietnam/product/sun-world-ba-den-mountain-4234684001188,2025-08-27T05:00:36.1415032Z,2025-08-27T05:00:42.2672616Z,ok,6.125537,0,30
HtmlDownloader,www.traveloka.com,https://www.traveloka.com/en-vn/activities/vietnam/product/ho-may-park-tickets-2001384235948,2025-08-27T05:00:42.2802566Z,2025-08-27T05:00:48.4217760Z,ok,6.1412212,0,30
HtmlDownloader,www.traveloka.com,https://www.traveloka.com/en-vn/activities/vietnam/product/hcmc-only-dmaris-seafood-buffet-chain-vouchers-by-giftpop-3585196162595,2025-08-27T05:00:48.4307278Z,2025-08-27T05:00:54.5088619Z,ok,6.0781918,0,30
HtmlDownloader,www.traveloka.com,https://www.traveloka.com/en-vn/activities/vietnam/product/ho-chi-minh-city-double-decker-bus-by-city-sightseeing-6768580343678,2025-08-27T05:00:54.5148614Z,2025-08-27T05:01:00.5777141Z,ok,6.0628711,0,30
HtmlDownloader,www.traveloka.com,https://www.traveloka.com/en-vn/activities/vietnam/product/suoi-tien-theme-park-tickets-6825879014353,2025-08-27T05:01:00.5857082Z,2025-08-27T05:01:06.7838476Z,ok,6.1975842,0,30
HtmlDownloader,www.traveloka.com,https://www.traveloka.com/en-vn/activities/vietnam/product/pizza-4ps-restaurant-chain-vouchers-by-giftpop-7400508261608,2025-08-27T05:01:06.7898475Z,2025-08-27T05:01:12.8677694Z,ok,6.0781547,0,30
HtmlDownloader,www.traveloka.com,https://www.traveloka.com/en-vn/activities/vietnam/product/saigon-skydeck-at-bitexco-financial-tower-tickets-2001465639912,2025-08-27T05:01:12.8747289Z,2025-08-27T05:01:18.9789365Z,ok,6.1041551,0,30
HtmlDownloader,www.traveloka.com,https://www.traveloka.com/en-vn/activities/vietnam/product/saigon-river-sightseeing-by-saigon-watergo-exclusive-on-traveloka-9045650719701,2025-08-27T05:01:18.9849208Z,2025-08-27T05:01:25.0618168Z,ok,6.0769176,0,30
HtmlDownloader,www.traveloka.com,https://www.traveloka.com/en-vn/activities/vietnam/product/vincom-center-landmark-81-skyview-observation-deck-tickets-2000639648830,2025-08-27T05:01:25.0677789Z,2025-08-27T05:01:31.2158368Z,ok,6.1481239,0,30
HtmlDownloader,www.viator.com,https://www.viator.com/tours/Paris/Skip-The-Line-Admission-to-Louvre-Museum/d479-374952P4,2025-08-27T05:01:31.2228307Z,2025-08-27T05:01:47.7226226Z,ok,16.4997211,0,30
HtmlDownloader,www.viator.com,https://www.viator.com/tours/Paris/Versailles-Palace-Guided-Tour-with-Gardens-Access-From-Paris/d479-3731VERSAILLES,2025-08-27T05:01:47.7286499Z,2025-08-27T05:01:54.1988051Z,ok,6.4709164,0,30
HtmlDownloader,www.viator.com,https://www.viator.com/tours/Paris/Skip-the-Line-Paris-Louvre-Museum-Guided-Tour/d479-2050_PA,2025-08-27T05:01:54.2048055Z,2025-08-27T05:02:00.6516307Z,ok,6.446665,0,30
HtmlDownloader,www.viator.com,https://www.viator.com/tours/Paris/Versailles-and-Giverny-Day-Trip/d479-2050GV_GVE,2025-08-27T05:02:00.6576293Z,2025-08-27T05:02:07.1393917Z,ok,6.4808649,0,30
HtmlDownloader,www.viator.com,https://www.viator.com/tours/Paris/Bateaux-Parisiens-Seine-River-Sightseeing-Cruise/d479-5756SIGHTSEEING,2025-08-27T05:02:07.1454249Z,2025-08-27T05:02:13.5003054Z,ok,6.3550667,0,30
HtmlDownloader,www.viator.com,https://www.viator.com/tours/Paris/Versailles-Skip-the-line-group-guided-Tour-from-Paris-with-small-group-transfer-from-your-hotel/d479-7245P36,2025-08-27T05:02:13.5062647Z,2025-08-27T05:02:19.9591863Z,ok,6.4526985,0,30
HtmlDownloader,www.viator.com,https://www.viator.com/tours/Paris/Private-Tour-Customize-Your-Perfect-Day-in-Paris/d479-5746DAYINPARIS,2025-08-27T05:02:19.9651770Z,2025-08-27T05:02:26.4682703Z,ok,6.5023969,0,30
HtmlDownloader,www.viator.com,https://www.viator.com/tours/Paris/Skip-The-Line-Louvre-Museum-and-Seine-River-Cruise/d479-7832P121,2025-08-27T05:02:26.4742650Z,2025-08-27T05:02:32.8792140Z,ok,6.4042197,0,30
HtmlDownloader,www.viator.com,https://www.viator.com/tours/Paris/Private-Boat-Trip-on-the-Seine-in-Paris/d479-318691P2,2025-08-27T05:02:32.8852143Z,2025-08-27T05:02:39.3215081Z,ok,6.4363982,0,30
HtmlDownloader,www.viator.com,https://www.viator.com/tours/Paris/Gourmet-dinner-cruise-on-the-Seine-river-with-singer-and-DJ-Set/d479-45167P2,2025-08-27T05:02:39.3275034Z,2025-08-27T05:02:45.7709188Z,ok,6.4434987,0,30
